iteration,0,1,2,3,4,5,6,7,8,9,10,11,12,13,14,15,16,17,18,19,20,21,22,23,24,25,26,27,28,29,30,31,32,33,34,35,36,37,38,39,40,41,42,43,44,45,46,47,48,49,50,51,52,53,54,55,56,57,58,59,60,61,62,63,64,65,66,67,68,69,70,71,72,73,74,75,76,77,78,79,80,81,82,83,84,85,86,87,88,89,90,91,92,93,94,95,96,97,98,99
0,-15,-14,-10,-11,-16,-12,-12,-14,-24,-12,-13,-11,-18,-10,-14,-12,-14,-14,-14,-14,-12,-11,-10,-19,-11,-13,-10,-11,-11,-26,-11,-10,-10,-12,-11,-12,-18,-11,-21,-11,-10,-17,-12,-10,-17,-16,-11,-10,-14,-12,-10,-12,-11,-17,-12,-14,-10,-10,-14,-15,-14,-13,-16,-17,-10,-16,-10,-12,-12,-11,-10,-12,-12,-14,-10,-11,-12,-11,-16,-11,-10,-10,-11,-23,-14,-17,-13,-14,-12,-17,-10,-13,-12,-12,-17,-13,-19,-13,-12,-13
1,-33.91,-32.91,-28.91,-29.91,-34.91,-30.91,-30.91,-32.91,-42.91,-30.91,-31.91,-29.91,-36.91,-28.91,-32.91,-30.91,-32.91,-32.91,-32.91,-32.91,-30.91,-29.91,-28.91,-37.91,-29.91,-31.91,-28.91,-29.91,-29.91,-44.91,-29.91,-28.91,-28.91,-30.91,-29.91,-30.91,-36.91,-29.91,-39.91,-29.91,-28.91,-35.91,-30.91,-28.91,-35.91,-34.91,-29.91,-28.91,-32.91,-30.91,-28.91,-30.91,-29.91,-35.91,-30.91,-32.91,-28.91,-28.91,-32.91,-33.91,-32.91,-31.91,-34.91,-35.91,-28.91,-34.91,-28.91,-30.91,-30.91,-29.91,-28.91,-30.91,-30.91,-32.91,-28.91,-29.91,-30.91,-29.91,-34.91,-29.91,-28.91,-28.91,-29.91,-41.91,-32.91,-35.91,-31.91,-32.91,-30.91,-35.91,-28.91,-31.91,-30.91,-30.91,-35.91,-31.91,-37.91,-31.91,-30.91,-31.91
2,-33.03,-32.91,-28.03,-29.91,-34.91,-30.03,-30.91,-32.03,-41.15,-29.15,-31.91,-29.91,-36.03,-28.91,-31.15,-30.91,-32.91,-32.03,-30.28,-33.78,-30.03,-29.03,-29.78,-37.91,-30.78,-30.15,-28.03,-30.78,-29.03,-44.91,-29.91,-28.91,-29.78,-30.91,-29.91,-31.78,-36.91,-29.03,-40.78,-29.03,-28.91,-35.03,-30.91,-28.91,-35.03,-35.78,-29.03,-28.91,-32.91,-31.78,-29.78,-29.15,-30.78,-35.91,-30.03,-33.78,-28.91,-28.03,-33.78,-34.78,-32.91,-31.91,-34.91,-35.91,-28.91,-35.78,-29.78,-30.03,-31.78,-29.91,-29.78,-30.91,-31.78,-32.91,-28.03,-29.91,-30.91,-28.15,-34.03,-28.15,-28.91,-28.91,-29.03,-41.03,-32.03,-35.03,-31.03,-32.03,-30.91,-35.91,-27.15,-31.91,-29.15,-30.91,-36.78,-31.91,-37.91,-31.03,-31.78,-30.15
3,-33.03,-32.91,-26.69,-29.91,-34.91,-28.69,-30.91,-30.69,-39.81,-26.47,-31.91,-28.56,-34.69,-28.91,-28.47,-29.56,-32.91,-30.69,-27.59,-35.13,-28.69,-29.03,-29.78,-37.91,-30.78,-30.15,-26.69,-30.78,-27.69,-44.91,-28.56,-27.56,-31.13,-30.91,-29.91,-33.13,-36.91,-29.03,-40.78,-29.03,-28.91,-33.69,-30.91,-28.91,-33.69,-37.13,-27.69,-28.91,-32.91,-33.13,-31.13,-26.47,-32.13,-35.91,-30.03,-33.78,-28.91,-28.03,-35.13,-34.78,-31.56,-31.91,-34.91,-35.91,-28.91,-37.13,-31.13,-30.03,-33.13,-28.56,-31.13,-30.91,-33.13,-32.91,-28.03,-29.91,-30.91,-26.81,-32.69,-28.15,-28.91,-28.91,-27.69,-39.69,-30.69,-35.03,-29.69,-30.69,-30.91,-35.91,-25.81,-31.91,-27.81,-32.25,-38.13,-31.91,-37.91,-29.69,-33.13,-28.81
4,-31.65,-32.91,-25.31,-28.53,-34.91,-28.69,-30.91,-27.93,-38.43,-25.09,-31.91,-28.56,-34.69,-28.91,-25.71,-29.56,-32.91,-29.31,-27.59,-36.51,-27.31,-26.27,-31.16,-37.91,-30.78,-28.78,-25.31,-30.78,-26.31,-44.91,-27.19,-27.56,-32.51,-30.91,-29.91,-34.51,-36.91,-27.65,-42.16,-27.65,-28.91,-33.69,-32.29,-28.91,-32.31,-37.13,-27.69,-28.91,-32.91,-33.13,-32.51,-23.71,-33.51,-35.91,-30.03,-32.41,-28.91,-28.03,-35.13,-34.78,-32.94,-31.91,-34.91,-34.53,-28.91,-38.51,-32.51,-30.03,-33.13,-28.56,-31.13,-30.91,-33.13,-32.91,-28.03,-29.91,-30.91,-25.43,-31.31,-28.15,-28.91,-28.91,-27.69,-38.31,-29.31,-35.03,-28.31,-29.31,-30.91,-35.91,-27.19,-31.91,-25.05,-30.87,-39.51,-31.91,-37.91,-28.31,-33.13,-30.19
5,-31.65,-32.91,-23.29,-30.55,-34.91,-26.67,-30.91,-29.95,-36.41,-23.07,-31.91,-30.58,-32.67,-28.91,-23.69,-29.56,-32.91,-27.29,-27.59,-38.53,-25.29,-26.27,-29.14,-37.91,-30.78,-28.78,-25.31,-30.78,-24.29,-44.91,-27.19,-27.56,-34.53,-30.91,-29.91,-36.53,-36.91,-27.65,-42.16,-27.65,-28.91,-33.69,-32.29,-28.91,-30.29,-37.13,-27.69,-28.91,-32.91,-33.13,-32.51,-23.71,-33.51,-35.91,-30.03,-32.41,-28.91,-26.01,-35.13,-34.78,-32.94,-29.89,-34.91,-34.53,-28.91,-38.51,-32.51,-28.01,-33.13,-28.56,-31.13,-30.91,-33.13,-32.91,-30.05,-29.91,-30.91,-23.41,-31.31,-26.13,-30.93,-28.91,-25.67,-38.31,-27.29,-35.03,-28.31,-27.29,-30.91,-33.89,-25.17,-31.91,-27.07,-32.89,-41.53,-31.91,-37.91,-26.29,-31.11,-30.19
6,-31.65,-34.51,-23.29,-28.95,-34.91,-25.06,-30.91,-28.35,-34.81,-23.07,-31.91,-28.98,-34.27,-28.91,-25.29,-29.56,-32.91,-27.29,-27.59,-40.13,-25.29,-26.27,-27.54,-37.91,-29.18,-28.78,-23.71,-30.78,-22.69,-44.91,-27.19,-27.56,-36.13,-30.91,-29.91,-36.53,-36.91,-26.05,-42.16,-27.65,-28.91,-32.08,-32.29,-28.91,-30.29,-37.13,-27.69,-28.91,-32.91,-33.13,-32.51,-23.71,-33.51,-35.91,-30.03,-34.01,-28.91,-24.41,-35.13,-34.78,-34.55,-31.49,-36.51,-34.53,-28.91,-40.11,-30.9,-28.01,-34.73,-26.96,-32.73,-30.91,-33.13,-32.91,-28.45,-29.91,-30.91,-21.81,-31.31,-24.53,-29.32,-28.91,-24.06,-36.71,-27.29,-33.43,-26.71,-27.29,-30.91,-35.49,-25.17,-31.91,-27.07,-31.29,-43.13,-31.91,-37.91,-24.69,-32.71,-30.19
7,-31.65,-32.47,-21.25,-28.95,-34.91,-23.03,-30.91,-26.31,-32.77,-23.07,-31.91,-28.98,-36.31,-28.91,-23.26,-29.56,-32.91,-27.29,-27.59,-40.13,-25.29,-26.27,-29.58,-37.91,-29.18,-26.74,-23.71,-30.78,-20.65,-44.91,-25.15,-27.56,-38.17,-30.91,-29.91,-36.53,-36.91,-26.05,-42.16,-27.65,-28.91,-32.08,-32.29,-28.91,-30.29,-37.13,-27.69,-28.91,-32.91,-33.13,-34.54,-23.71,-33.51,-35.91,-30.03,-34.01,-28.91,-24.41,-35.13,-34.78,-32.51,-31.49,-34.47,-34.53,-28.91,-40.11,-32.94,-28.01,-32.69,-29.0,-30.69,-30.91,-33.13,-32.91,-30.48,-29.91,-30.91,-21.81,-29.27,-24.53,-27.29,-28.91,-24.06,-36.71,-27.29,-33.43,-26.71,-25.25,-30.91,-35.49,-25.17,-31.91,-25.04,-33.33,-41.09,-31.91,-37.91,-22.65,-32.71,-30.19
8,-30.28,-32.47,-21.25,-28.95,-34.91,-23.03,-30.91,-27.68,-34.15,-23.07,-31.91,-28.98,-34.93,-28.91,-24.63,-28.19,-32.91,-25.91,-27.59,-40.13,-25.29,-26.27,-28.2,-37.91,-29.18,-26.74,-23.71,-30.78,-22.02,-44.91,-25.15,-27.56,-38.17,-32.28,-29.91,-36.53,-36.91,-26.05,-43.54,-27.65,-28.91,-33.46,-32.29,-28.91,-30.29,-37.13,-27.69,-28.91,-32.91,-33.13,-34.54,-22.33,-33.51,-34.53,-30.03,-34.01,-28.91,-23.03,-35.13,-34.78,-32.51,-31.49,-34.47,-31.78,-28.91,-40.11,-30.19,-28.01,-32.69,-27.62,-29.32,-30.91,-33.13,-32.91,-29.11,-29.91,-30.91,-21.81,-30.65,-24.53,-28.66,-28.91,-24.06,-38.08,-25.91,-33.43,-26.71,-25.25,-30.91,-32.74,-25.17,-31.91,-25.04,-34.7,-42.47,-31.91,-37.91,-21.27,-32.71,-28.81
9,-30.28,-32.47,-21.25,-27.44,-34.91,-23.03,-30.91,-29.19,-32.64,-23.07,-31.91,-28.98,-33.43,-28.91,-24.63,-28.19,-31.4,-25.91,-27.59,-40.13,-23.78,-24.77,-29.71,-37.91,-29.18,-26.74,-22.2,-30.78,-20.52,-44.91,-25.15,-27.56,-39.67,-32.28,-29.91,-36.53,-36.91,-24.54,-43.54,-27.65,-28.91,-31.95,-32.29,-28.91,-30.29,-35.62,-27.69,-28.91,-31.4,-33.13,-33.04,-22.33,-33.51,-34.53,-30.03,-34.01,-28.91,-23.03,-35.13,-34.78,-32.51,-31.49,-34.47,-33.28,-28.91,-40.11,-31.7,-28.01,-32.69,-26.12,-30.82,-30.91,-31.62,-31.4,-27.6,-29.91,-30.91,-21.81,-30.65,-24.53,-28.66,-28.91,-22.56,-39.59,-25.91,-33.43,-26.71,-25.25,-30.91,-34.25,-25.17,-31.91,-25.04,-31.69,-42.47,-31.91,-37.91,-21.27,-34.22,-30.32
10,-28.49,-32.47,-21.25,-29.22,-34.91,-23.03,-30.91,-29.19,-32.64,-23.07,-31.91,-27.2,-35.21,-28.91,-24.63,-28.19,-31.4,-25.91,-27.59,-40.13,-23.78,-24.77,-29.71,-37.91,-29.18,-26.74,-22.2,-30.78,-22.3,-44.91,-25.15,-27.56,-39.67,-32.28,-29.91,-36.53,-36.91,-24.54,-43.54,-27.65,-28.91,-31.95,-32.29,-28.91,-30.29,-37.41,-27.69,-28.91,-31.4,-33.13,-34.82,-22.33,-33.51,-34.53,-30.03,-30.44,-28.91,-23.03,-35.13,-34.78,-32.51,-29.71,-34.47,-33.28,-28.91,-38.33,-29.91,-28.01,-32.69,-27.9,-29.04,-30.91,-33.41,-31.4,-29.39,-29.91,-30.91,-21.81,-28.86,-24.53,-28.66,-28.91,-22.56,-37.8,-24.13,-33.43,-24.92,-25.25,-30.91,-34.25,-25.17,-31.91,-25.04,-31.69,-42.47,-31.91,-37.91,-23.06,-30.65,-30.32
11,-30.14,-32.47,-19.6,-27.57,-34.91,-23.03,-30.91,-27.54,-32.64,-23.07,-31.91,-27.2,-33.56,-28.91,-22.98,-28.19,-31.4,-24.26,-27.59,-40.13,-23.78,-24.77,-28.06,-37.91,-29.18,-28.39,-22.2,-30.78,-20.65,-44.91,-25.15,-27.56,-38.02,-32.28,-29.91,-36.53,-36.91,-24.54,-43.54,-27.65,-28.91,-33.6,-32.29,-28.91,-30.29,-35.76,-27.69,-27.26,-31.4,-33.13,-33.17,-22.33,-33.51,-34.53,-30.03,-30.44,-28.91,-23.03,-35.13,-34.78,-32.51,-31.36,-34.47,-33.28,-27.26,-38.33,-29.91,-28.01,-34.34,-27.9,-29.04,-30.91,-35.06,-31.4,-27.74,-29.91,-30.91,-21.81,-30.51,-24.53,-27.01,-28.91,-24.21,-39.45,-24.13,-33.43,-24.92,-25.25,-30.91,-35.9,-25.17,-31.91,-25.04,-33.34,-42.47,-31.91,-37.91,-24.71,-32.3,-28.67
12,-30.14,-30.82,-21.25,-25.92,-34.91,-23.03,-30.91,-29.19,-32.64,-21.42,-31.91,-27.2,-33.56,-28.91,-24.63,-29.84,-33.05,-25.91,-27.59,-40.13,-23.78,-24.77,-29.71,-37.91,-27.53,-28.39,-22.2,-30.78,-20.65,-44.91,-25.15,-27.56,-38.02,-32.28,-29.91,-36.53,-36.91,-24.54,-43.54,-27.65,-28.91,-31.95,-32.29,-28.91,-30.29,-34.11,-27.69,-27.26,-31.4,-33.13,-33.17,-22.33,-33.51,-34.53,-28.38,-32.09,-28.91,-23.03,-35.13,-34.78,-32.51,-31.36,-34.47,-34.93,-27.26,-38.33,-31.56,-28.01,-34.34,-27.9,-27.39,-30.91,-33.41,-31.4,-27.74,-29.91,-30.91,-21.81,-32.16,-24.53,-28.66,-28.91,-24.21,-37.8,-24.13,-33.43,-23.27,-23.6,-30.91,-34.25,-25.17,-31.91,-23.39,-31.69,-42.47,-31.91,-37.91,-23.06,-30.65,-28.67
13,-30.14,-30.82,-21.25,-27.22,-34.91,-23.03,-30.91,-26.6,-31.35,-21.42,-31.91,-27.2,-33.56,-28.91,-22.04,-29.84,-31.76,-24.62,-27.59,-40.13,-22.49,-24.77,-28.41,-37.91,-28.82,-28.39,-22.2,-30.78,-21.94,-44.91,-23.85,-27.56,-39.32,-32.28,-29.91,-36.53,-36.91,-25.84,-43.54,-27.65,-28.91,-30.66,-32.29,-28.91,-30.29,-34.11,-27.69,-27.26,-31.4,-33.13,-34.47,-21.04,-33.51,-34.53,-28.38,-32.09,-28.91,-23.03,-35.13,-34.78,-32.51,-31.36,-34.47,-32.35,-27.26,-38.33,-30.27,-28.01,-34.34,-26.61,-28.68,-30.91,-32.11,-31.4,-26.45,-29.91,-30.91,-21.81,-32.16,-24.53,-27.37,-28.91,-24.21,-37.8,-24.13,-33.43,-23.27,-24.89,-30.91,-34.25,-25.17,-31.91,-24.68,-31.69,-42.47,-31.91,-37.91,-21.76,-31.94,-29.96
14,-30.14,-30.82,-19.54,-28.93,-34.91,-23.03,-30.91,-28.31,-31.35,-21.42,-31.91,-27.2,-33.56,-28.91,-23.75,-28.13,-31.76,-24.62,-25.88,-40.13,-22.49,-24.77,-28.41,-36.2,-28.82,-28.39,-22.2,-30.78,-20.24,-44.91,-23.85,-27.56,-37.61,-32.28,-29.91,-36.53,-36.91,-24.13,-43.54,-27.65,-28.91,-32.37,-32.29,-28.91,-30.29,-34.11,-27.69,-27.26,-31.4,-33.13,-34.47,-22.75,-33.51,-34.53,-28.38,-32.09,-28.91,-23.03,-35.13,-34.78,-32.51,-31.36,-32.76,-34.06,-27.26,-38.33,-31.98,-26.3,-32.63,-28.32,-26.97,-30.91,-33.82,-31.4,-28.15,-29.91,-30.91,-20.1,-30.45,-24.53,-27.37,-28.91,-24.21,-37.8,-24.13,-33.43,-23.27,-24.89,-30.91,-35.95,-25.17,-31.91,-24.68,-33.4,-42.47,-31.91,-37.91,-21.76,-30.23,-28.26
15,-30.14,-30.82,-21.03,-27.44,-34.91,-23.03,-30.91,-26.82,-32.84,-21.42,-31.91,-28.68,-32.07,-28.91,-22.26,-29.62,-31.76,-24.62,-27.37,-40.13,-22.49,-23.28,-29.9,-36.2,-27.34,-28.39,-22.2,-30.78,-21.72,-44.91,-23.85,-27.56,-37.61,-32.28,-29.91,-36.53,-36.91,-25.62,-43.54,-27.65,-28.91,-32.37,-32.29,-28.91,-30.29,-34.11,-27.69,-27.26,-31.4,-33.13,-34.47,-21.26,-33.51,-34.53,-28.38,-32.09,-28.91,-23.03,-35.13,-34.78,-32.51,-31.36,-32.76,-32.57,-27.26,-38.33,-29.0,-27.79,-34.12,-28.32,-28.46,-30.91,-32.33,-31.4,-26.67,-29.91,-30.91,-20.1,-30.45,-24.53,-25.88,-28.91,-24.21,-37.8,-25.62,-33.43,-23.27,-24.89,-30.91,-34.47,-25.17,-31.91,-23.19,-33.4,-42.47,-31.91,-37.91,-21.76,-31.72,-29.74
16,-30.14,-30.82,-21.03,-27.44,-34.91,-23.03,-30.91,-26.82,-32.84,-21.42,-31.91,-25.78,-33.53,-28.91,-23.72,-28.17,-30.31,-24.62,-27.37,-41.58,-22.49,-23.28,-29.9,-36.2,-27.34,-28.39,-22.2,-30.78,-20.27,-44.91,-23.85,-27.56,-39.06,-32.28,-29.91,-36.53,-36.91,-24.16,-43.54,-27.65,-28.91,-32.37,-32.29,-28.91,-30.29,-35.56,-27.69,-27.26,-31.4,-33.13,-33.02,-22.71,-32.06,-34.53,-29.83,-32.09,-28.91,-23.03,-35.13,-34.78,-31.06,-31.36,-32.76,-34.02,-27.26,-38.33,-30.45,-27.79,-32.67,-28.32,-27.01,-30.91,-32.33,-31.4,-26.67,-29.91,-30.91,-20.1,-30.45,-24.53,-27.33,-28.91,-24.21,-36.35,-24.17,-33.43,-21.82,-24.89,-30.91,-35.92,-25.17,-31.91,-23.19,-31.95,-42.47,-31.91,-37.91,-23.21,-30.27,-28.29
17,-30.14,-30.82,-19.61,-27.44,-34.91,-23.03,-30.91,-28.24,-32.84,-21.42,-31.91,-27.2,-32.11,-28.91,-23.72,-26.75,-30.31,-24.62,-25.95,-41.58,-22.49,-23.28,-28.48,-36.2,-27.34,-28.39,-22.2,-30.78,-21.69,-44.91,-25.27,-27.56,-39.06,-32.28,-29.91,-36.53,-36.91,-25.58,-43.54,-27.65,-28.91,-33.79,-32.29,-28.91,-30.29,-34.14,-27.69,-27.26,-31.4,-33.13,-31.6,-21.29,-32.06,-34.53,-29.83,-30.67,-28.91,-23.03,-35.13,-34.78,-31.06,-31.36,-32.76,-32.6,-27.26,-38.33,-30.45,-26.37,-32.67,-26.9,-28.43,-30.91,-30.91,-31.4,-26.67,-29.91,-30.91,-20.1,-29.03,-24.53,-25.91,-28.91,-24.21,-37.77,-24.17,-33.43,-23.24,-24.89,-30.91,-34.5,-25.17,-31.91,-24.61,-31.95,-43.89,-31.91,-37.91,-21.79,-31.69,-29.71
18,-30.14,-30.82,-21.08,-25.97,-34.91,-23.03,-30.91,-26.77,-32.84,-21.42,-31.91,-27.2,-33.57,-28.91,-23.72,-28.22,-30.31,-24.62,-27.42,-41.58,-22.49,-23.28,-28.48,-36.2,-25.87,-28.39,-22.2,-30.78,-21.69,-44.91,-23.81,-27.56,-37.59,-32.28,-29.91,-36.53,-36.91,-24.12,-43.54,-26.18,-28.91,-32.32,-32.29,-28.91,-30.29,-34.14,-27.69,-27.26,-31.4,-33.13,-33.06,-21.29,-32.06,-34.53,-28.36,-30.67,-28.91,-21.56,-35.13,-34.78,-31.06,-31.36,-32.76,-34.07,-27.26,-38.33,-28.98,-26.37,-32.67,-26.9,-29.9,-30.91,-32.38,-31.4,-26.67,-29.91,-30.91,-20.1,-30.5,-24.53,-27.38,-28.91,-22.74,-36.3,-25.64,-33.43,-23.24,-24.89,-30.91,-33.03,-25.17,-31.91,-24.61,-30.48,-42.42,-31.91,-37.91,-21.79,-30.22,-28.24
19,-30.14,-30.82,-19.86,-27.19,-34.91,-23.03,-30.91,-27.99,-32.84,-21.42,-31.91,-27.2,-32.36,-28.91,-23.72,-27.0,-30.31,-24.62,-26.2,-39.15,-22.49,-23.28,-28.48,-36.2,-27.08,-28.39,-22.2,-30.78,-20.48,-44.91,-23.81,-27.56,-38.81,-32.28,-29.91,-36.53,-36.91,-24.12,-43.54,-26.18,-28.91,-31.1,-32.29,-28.91,-30.29,-34.14,-27.69,-27.26,-31.4,-33.13,-33.06,-20.08,-32.06,-34.53,-28.36,-30.67,-28.91,-21.56,-35.13,-34.78,-31.06,-31.36,-31.55,-31.63,-28.47,-38.33,-30.2,-26.37,-31.45,-28.11,-28.68,-30.91,-33.6,-31.4,-25.45,-29.91,-30.91,-20.1,-29.28,-24.53,-26.16,-28.91,-23.96,-37.52,-25.64,-33.43,-23.24,-24.89,-30.91,-34.25,-25.17,-31.91,-24.61,-31.7,-41.2,-31.91,-37.91,-21.79,-31.44,-28.24
20,-30.14,-29.04,-19.86,-25.4,-34.91,-23.03,-30.91,-27.99,-31.05,-21.42,-31.91,-27.2,-34.15,-28.91,-21.93,-27.0,-32.1,-22.83,-26.2,-39.15,-22.49,-23.28,-30.27,-36.2,-27.08,-28.39,-22.2,-30.78,-20.48,-44.91,-23.81,-27.56,-37.02,-32.28,-29.91,-36.53,-36.91,-24.12,-43.54,-26.18,-28.91,-31.1,-32.29,-28.91,-30.29,-34.14,-27.69,-27.26,-31.4,-33.13,-33.06,-21.86,-32.06,-32.74,-28.36,-30.67,-28.91,-21.56,-35.13,-34.78,-31.06,-31.36,-31.55,-33.42,-26.69,-38.33,-30.2,-26.37,-33.24,-26.33,-28.68,-30.91,-31.81,-31.4,-25.45,-29.91,-30.91,-20.1,-29.28,-24.53,-27.95,-28.91,-22.17,-35.73,-23.85,-33.43,-23.24,-24.89,-30.91,-34.25,-26.96,-31.91,-22.82,-31.7,-42.99,-31.91,-37.91,-21.79,-31.44,-28.24
21,-30.14,-29.04,-21.33,-26.87,-34.91,-23.03,-30.91,-27.99,-31.05,-21.42,-31.91,-27.2,-34.15,-28.91,-23.4,-28.47,-30.63,-22.83,-27.67,-39.15,-22.49,-23.28,-28.8,-36.2,-25.62,-26.92,-22.2,-30.78,-21.95,-44.91,-23.81,-27.56,-37.02,-32.28,-29.91,-36.53,-36.91,-22.65,-43.54,-26.18,-28.91,-31.1,-32.29,-28.91,-30.29,-32.67,-27.69,-27.26,-31.4,-33.13,-33.06,-20.4,-32.06,-32.74,-28.36,-30.67,-28.91,-21.56,-35.13,-34.78,-31.06,-31.36,-33.02,-30.48,-26.69,-38.33,-28.73,-26.37,-33.24,-26.33,-28.68,-30.91,-33.28,-31.4,-25.45,-29.91,-30.91,-20.1,-29.28,-24.53,-26.48,-28.91,-22.17,-37.2,-25.32,-33.43,-23.24,-24.89,-30.91,-34.25,-26.96,-31.91,-24.29,-33.16,-41.52,-31.91,-37.91,-20.33,-29.97,-28.24
22,-30.14,-29.04,-20.09,-25.62,-34.91,-23.03,-30.91,-26.75,-31.05,-21.42,-31.91,-25.96,-32.9,-28.91,-23.4,-27.22,-30.63,-24.08,-26.42,-39.15,-22.49,-23.28,-27.56,-36.2,-25.62,-26.92,-22.2,-30.78,-20.7,-44.91,-25.05,-27.56,-37.02,-32.28,-29.91,-36.53,-36.91,-22.65,-43.54,-26.18,-28.91,-31.1,-32.29,-28.91,-30.29,-33.92,-27.69,-27.26,-31.4,-33.13,-34.31,-20.4,-32.06,-32.74,-28.36,-30.67,-28.91,-21.56,-35.13,-34.78,-31.06,-31.36,-31.77,-31.73,-27.93,-37.08,-29.98,-27.62,-33.24,-26.33,-28.68,-30.91,-30.79,-31.4,-25.45,-29.91,-30.91,-20.1,-29.28,-24.53,-26.48,-28.91,-22.17,-37.2,-24.07,-32.18,-23.24,-24.89,-30.91,-33.0,-24.47,-31.91,-24.29,-34.41,-41.52,-31.91,-37.91,-21.57,-31.22,-28.24
23,-28.8,-29.04,-21.43,-26.96,-34.91,-23.03,-30.91,-26.75,-31.05,-21.42,-31.91,-25.96,-32.9,-28.91,-20.71,-25.88,-30.63,-24.08,-26.42,-39.15,-22.49,-23.28,-27.56,-36.2,-25.62,-26.92,-20.86,-30.78,-20.7,-44.91,-23.71,-27.56,-38.36,-32.28,-29.91,-36.53,-36.91,-22.65,-43.54,-26.18,-28.91,-31.1,-32.29,-28.91,-30.29,-33.92,-26.35,-27.26,-31.4,-33.13,-32.97,-19.05,-32.06,-32.74,-28.36,-30.67,-28.91,-21.56,-35.13,-34.78,-31.06,-30.02,-31.77,-33.07,-27.93,-37.08,-29.98,-26.28,-31.9,-26.33,-28.68,-30.91,-32.13,-31.4,-25.45,-29.91,-30.91,-20.1,-27.94,-24.53,-25.14,-28.91,-23.51,-35.86,-25.41,-32.18,-23.24,-24.89,-30.91,-34.34,-24.47,-31.91,-25.63,-33.07,-41.52,-31.91,-37.91,-20.23,-29.87,-29.58
24,-28.8,-29.04,-20.37,-26.96,-34.91,-23.03,-30.91,-26.75,-31.05,-21.42,-31.91,-25.96,-32.9,-28.91,-21.77,-25.88,-29.57,-23.02,-26.42,-39.15,-22.49,-23.28,-28.61,-36.2,-26.67,-26.92,-20.86,-30.78,-20.7,-44.91,-23.71,-27.56,-38.36,-32.28,-29.91,-36.53,-36.91,-23.71,-43.54,-26.18,-28.91,-32.16,-32.29,-28.91,-30.29,-32.86,-26.35,-27.26,-31.4,-33.13,-31.91,-20.11,-32.06,-32.74,-28.36,-31.73,-28.91,-21.56,-35.13,-34.78,-32.12,-30.02,-30.71,-30.95,-27.93,-37.08,-28.92,-27.33,-30.84,-25.27,-27.62,-30.91,-32.13,-31.4,-25.45,-29.91,-30.91,-20.1,-29.0,-24.53,-26.2,-28.91,-23.51,-36.92,-25.41,-32.18,-23.24,-24.89,-30.91,-32.22,-24.47,-31.91,-24.57,-34.13,-41.52,-31.91,-37.91,-21.29,-28.82,-27.47
25,-28.8,-29.04,-18.88,-26.96,-34.91,-23.03,-30.91,-26.75,-31.05,-21.42,-31.91,-25.96,-31.41,-28.91,-23.26,-27.37,-29.57,-23.02,-24.94,-39.15,-22.49,-23.28,-28.61,-36.2,-26.67,-28.4,-20.86,-30.78,-19.21,-44.91,-25.2,-27.56,-38.36,-32.28,-29.91,-36.53,-36.91,-23.71,-43.54,-26.18,-28.91,-30.68,-32.29,-28.91,-30.29,-32.86,-26.35,-27.26,-31.4,-33.13,-31.91,-20.11,-32.06,-32.74,-28.36,-31.73,-28.91,-21.56,-35.13,-34.78,-32.12,-30.02,-30.71,-32.44,-27.93,-37.08,-28.92,-25.85,-32.33,-25.27,-27.62,-30.91,-29.16,-31.4,-26.93,-29.91,-30.91,-18.62,-27.52,-24.53,-26.2,-28.91,-22.02,-36.92,-23.93,-32.18,-23.24,-24.89,-30.91,-33.71,-24.47,-31.91,-23.09,-32.64,-41.52,-31.91,-37.91,-21.29,-30.3,-27.47
26,-28.8,-29.04,-20.16,-25.68,-34.91,-23.03,-30.91,-26.75,-31.05,-21.42,-31.91,-25.96,-32.69,-28.91,-21.98,-26.09,-28.29,-24.3,-26.22,-39.15,-22.49,-23.28,-28.61,-34.92,-27.95,-27.13,-20.86,-30.78,-20.49,-44.91,-23.92,-27.56,-38.36,-32.28,-29.91,-36.53,-36.91,-23.71,-43.54,-26.18,-28.91,-31.96,-32.29,-28.91,-30.29,-32.86,-26.35,-27.26,-31.4,-33.13,-31.91,-18.83,-32.06,-32.74,-28.36,-31.73,-28.91,-21.56,-35.13,-34.78,-32.12,-30.02,-31.99,-31.16,-27.93,-37.08,-28.92,-27.13,-32.33,-25.27,-27.62,-30.91,-30.44,-30.12,-26.93,-29.91,-30.91,-18.62,-28.8,-24.53,-26.2,-28.91,-22.02,-36.92,-23.93,-30.9,-23.24,-24.89,-30.91,-32.43,-25.74,-31.91,-23.09,-31.37,-41.52,-31.91,-37.91,-21.29,-30.3,-27.47
27,-28.8,-29.04,-18.94,-26.9,-34.91,-23.03,-30.91,-25.52,-32.27,-21.42,-31.91,-25.96,-31.47,-28.91,-23.2,-27.31,-29.51,-23.08,-25.0,-39.15,-22.49,-23.28,-27.39,-34.92,-26.73,-27.13,-20.86,-30.78,-19.27,-44.91,-22.7,-27.56,-37.14,-32.28,-29.91,-36.53,-36.91,-23.71,-43.54,-26.18,-28.91,-31.96,-32.29,-28.91,-30.29,-32.86,-26.35,-27.26,-31.4,-33.13,-31.91,-18.83,-32.06,-32.74,-28.36,-31.73,-28.91,-21.56,-35.13,-34.78,-32.12,-30.02,-31.99,-32.38,-27.93,-37.08,-28.92,-27.13,-32.33,-25.27,-27.62,-30.91,-31.66,-30.12,-25.71,-29.91,-30.91,-18.62,-28.8,-24.53,-24.98,-28.91,-22.02,-35.7,-23.93,-30.9,-23.24,-23.67,-30.91,-33.65,-25.74,-31.91,-24.31,-31.37,-41.52,-31.91,-37.91,-22.51,-31.52,-27.47
28,-28.8,-29.04,-20.11,-25.73,-34.91,-23.03,-30.91,-26.7,-33.44,-21.42,-31.91,-27.13,-32.65,-28.91,-23.2,-26.13,-29.51,-23.08,-26.17,-39.15,-22.49,-23.28,-28.57,-34.92,-27.91,-27.13,-19.69,-30.78,-20.45,-44.91,-22.7,-27.56,-37.14,-32.28,-29.91,-36.53,-36.91,-23.71,-43.54,-26.18,-28.91,-31.96,-32.29,-28.91,-30.29,-32.86,-26.35,-27.26,-31.4,-33.13,-31.91,-20.01,-32.06,-32.74,-27.19,-31.73,-28.91,-21.56,-35.13,-34.78,-30.94,-30.02,-31.99,-32.38,-27.93,-37.08,-28.92,-27.13,-32.33,-25.27,-26.45,-30.91,-31.66,-30.12,-25.71,-29.91,-30.91,-19.79,-28.8,-24.53,-26.15,-28.91,-20.85,-36.87,-23.93,-30.9,-23.24,-24.85,-30.91,-32.48,-25.74,-31.91,-23.14,-31.37,-40.35,-31.91,-37.91,-21.34,-30.35,-27.47
29,-28.8,-29.04,-20.11,-26.58,-34.91,-23.03,-30.91,-26.7,-32.59,-21.42,-31.91,-24.59,-32.65,-28.91,-24.05,-26.98,-30.36,-23.93,-26.17,-39.15,-22.49,-23.28,-27.72,-34.92,-27.06,-27.13,-19.69,-30.78,-20.45,-44.91,-22.7,-27.56,-36.29,-32.28,-29.91,-36.53,-36.91,-22.86,-43.54,-26.18,-28.91,-31.96,-32.29,-28.91,-30.29,-32.86,-26.35,-27.26,-31.4,-33.13,-31.91,-20.01,-32.06,-32.74,-27.19,-31.73,-28.06,-21.56,-35.13,-34.78,-30.94,-30.02,-31.14,-30.69,-28.78,-37.08,-29.77,-26.28,-32.33,-25.27,-27.3,-30.91,-32.51,-30.12,-25.71,-29.91,-30.91,-19.79,-28.8,-24.53,-25.31,-28.91,-21.7,-36.02,-23.93,-30.9,-23.24,-24.85,-30.91,-33.32,-25.74,-31.91,-23.98,-31.37,-40.35,-31.91,-37.91,-21.34,-30.35,-28.31
30,-28.8,-29.04,-19.06,-25.53,-34.91,-23.03,-30.91,-25.65,-32.59,-21.42,-31.91,-25.64,-31.59,-28.91,-21.94,-25.93,-29.31,-23.93,-26.17,-39.15,-22.49,-22.23,-28.77,-34.92,-26.01,-27.13,-19.69,-30.78,-19.39,-44.91,-23.75,-27.56,-36.29,-32.28,-29.91,-36.53,-36.91,-22.86,-43.54,-26.18,-28.91,-31.96,-32.29,-28.91,-30.29,-32.86,-26.35,-27.26,-31.4,-33.13,-32.96,-20.01,-32.06,-32.74,-27.19,-31.73,-28.06,-21.56,-35.13,-34.78,-30.94,-30.02,-32.19,-31.74,-27.73,-37.08,-29.77,-26.28,-32.33,-25.27,-27.3,-30.91,-30.4,-30.12,-25.71,-29.91,-30.91,-19.79,-28.8,-24.53,-26.36,-28.91,-20.65,-36.02,-23.93,-30.9,-23.24,-24.85,-30.91,-33.32,-24.69,-31.91,-23.98,-32.42,-40.35,-31.91,-37.91,-21.34,-31.4,-28.31
31,-28.8,-29.04,-20.11,-26.58,-34.91,-23.03,-30.91,-26.7,-31.54,-21.42,-31.91,-25.64,-32.65,-28.91,-23.0,-26.98,-30.36,-23.93,-26.17,-39.15,-22.49,-22.23,-27.72,-34.92,-26.01,-27.13,-19.69,-30.78,-20.45,-44.91,-23.75,-27.56,-36.29,-32.28,-29.91,-36.53,-36.91,-22.86,-43.54,-26.18,-28.91,-33.01,-32.29,-28.91,-29.24,-32.86,-26.35,-27.26,-31.4,-33.13,-32.96,-21.06,-32.06,-32.74,-27.19,-31.73,-28.06,-21.56,-35.13,-34.78,-30.94,-30.02,-31.14,-31.74,-27.73,-37.08,-27.66,-27.33,-31.28,-25.27,-27.3,-30.91,-31.45,-30.12,-25.71,-29.91,-30.91,-19.79,-28.8,-24.53,-25.31,-28.91,-21.7,-36.02,-23.93,-30.9,-23.24,-24.85,-30.91,-34.38,-24.69,-31.91,-22.93,-32.42,-39.29,-31.91,-37.91,-20.28,-30.35,-29.37
32,-28.8,-29.04,-19.15,-26.58,-34.91,-23.03,-30.91,-26.7,-32.51,-21.42,-31.91,-25.64,-32.65,-28.91,-22.03,-26.02,-29.4,-23.93,-26.17,-39.15,-22.49,-22.23,-27.72,-34.92,-26.97,-27.13,-19.69,-30.78,-20.45,-44.91,-22.79,-27.56,-37.25,-32.28,-29.91,-36.53,-36.91,-22.86,-43.54,-26.18,-28.91,-32.04,-32.29,-28.91,-29.24,-32.86,-26.35,-27.26,-31.4,-33.13,-32.0,-20.1,-32.06,-32.74,-27.19,-31.73,-28.06,-21.56,-35.13,-34.78,-30.94,-30.02,-31.14,-31.74,-26.76,-37.08,-28.63,-26.37,-31.28,-25.27,-27.3,-30.91,-31.45,-30.12,-25.71,-29.91,-30.91,-19.79,-27.83,-24.53,-26.27,-28.91,-21.7,-36.99,-23.93,-30.9,-22.28,-23.88,-30.91,-32.45,-25.65,-31.91,-23.89,-31.45,-40.26,-31.91,-37.91,-21.25,-30.35,-28.4
33,-28.8,-29.04,-19.15,-27.57,-34.91,-23.03,-30.91,-26.7,-32.51,-21.42,-31.91,-25.64,-31.66,-28.91,-23.02,-27.01,-28.41,-22.94,-26.17,-39.15,-22.49,-22.23,-26.73,-34.92,-25.98,-27.13,-19.69,-30.78,-19.46,-44.91,-23.77,-27.56,-36.27,-32.28,-29.91,-36.53,-36.91,-23.85,-43.54,-26.18,-28.91,-31.06,-31.3,-28.91,-29.24,-31.87,-26.35,-27.26,-31.4,-33.13,-32.0,-19.11,-32.06,-32.74,-27.19,-31.73,-28.06,-21.56,-35.13,-34.78,-30.94,-30.02,-32.13,-30.75,-27.75,-37.08,-28.63,-26.37,-31.28,-25.27,-27.3,-30.91,-31.45,-30.12,-25.71,-29.91,-30.91,-19.79,-27.83,-24.53,-25.28,-28.91,-22.69,-36.0,-23.93,-30.9,-22.28,-23.88,-30.91,-33.44,-24.67,-31.91,-24.88,-32.44,-40.26,-31.91,-37.91,-21.25,-31.33,-28.4
34,-28.8,-29.04,-20.31,-26.41,-34.91,-23.03,-30.91,-25.54,-31.35,-21.42,-31.91,-25.64,-31.66,-28.91,-21.86,-25.85,-29.57,-22.94,-25.01,-39.15,-22.49,-22.23,-27.89,-34.92,-25.98,-27.13,-19.69,-30.78,-19.46,-44.91,-22.61,-27.56,-36.27,-32.28,-29.91,-36.53,-36.91,-22.69,-43.54,-26.18,-28.91,-31.06,-31.3,-28.91,-29.24,-33.03,-26.35,-27.26,-30.24,-33.13,-32.0,-20.27,-32.06,-31.59,-27.19,-31.73,-28.06,-21.56,-35.13,-34.78,-30.94,-30.02,-32.13,-31.91,-27.75,-37.08,-28.63,-26.37,-31.28,-25.27,-27.3,-30.91,-31.45,-30.12,-25.71,-29.91,-30.91,-19.79,-28.99,-24.53,-25.28,-28.91,-22.69,-36.0,-25.08,-30.9,-22.28,-23.88,-30.91,-32.28,-24.67,-31.91,-23.72,-31.28,-39.1,-31.91,-37.91,-20.09,-31.33,-28.4
35,-28.8,-29.04,-18.98,-25.07,-34.91,-23.03,-30.91,-25.54,-31.35,-21.42,-31.91,-26.97,-32.99,-28.91,-21.86,-25.85,-29.57,-22.94,-26.35,-39.15,-22.49,-22.23,-29.22,-34.92,-24.65,-27.13,-19.69,-30.78,-20.79,-44.91,-22.61,-27.56,-36.27,-32.28,-29.91,-36.53,-36.91,-22.69,-43.54,-26.18,-28.91,-31.06,-31.3,-28.91,-29.24,-31.7,-26.35,-27.26,-30.24,-33.13,-32.0,-21.6,-32.06,-31.59,-27.19,-31.73,-28.06,-21.56,-35.13,-34.78,-30.94,-30.02,-30.8,-31.91,-27.75,-37.08,-27.29,-26.37,-31.28,-23.93,-25.97,-30.91,-30.12,-30.12,-25.71,-29.91,-30.91,-19.79,-28.99,-24.53,-25.28,-28.91,-21.35,-36.0,-23.75,-30.9,-22.28,-23.88,-30.91,-32.28,-24.67,-31.91,-23.72,-31.28,-40.43,-31.91,-37.91,-21.42,-30.0,-28.4
36,-28.8,-29.04,-18.98,-25.88,-34.91,-23.03,-30.91,-26.35,-31.35,-20.61,-31.91,-25.36,-32.18,-28.91,-21.86,-26.65,-29.57,-22.94,-25.54,-39.15,-22.49,-22.23,-28.42,-34.92,-25.46,-27.13,-19.69,-30.78,-19.98,-44.91,-23.42,-27.56,-36.27,-32.28,-29.91,-36.53,-36.91,-22.69,-43.54,-26.18,-28.91,-30.25,-31.3,-28.91,-29.24,-32.5,-26.35,-26.45,-30.24,-33.13,-32.0,-20.79,-32.06,-31.59,-27.19,-31.73,-28.06,-21.56,-35.13,-34.78,-30.94,-30.02,-31.6,-31.1,-27.75,-37.08,-27.29,-25.56,-31.28,-23.93,-26.77,-30.91,-30.93,-30.12,-24.91,-29.91,-30.91,-19.79,-28.18,-24.53,-24.47,-28.91,-22.16,-36.81,-23.75,-30.9,-22.28,-23.88,-30.91,-33.09,-24.67,-31.91,-23.72,-31.28,-39.62,-31.91,-37.91,-20.61,-30.81,-27.6
37,-28.8,-29.04,-20.38,-24.48,-34.91,-23.03,-30.91,-24.95,-31.35,-20.61,-31.91,-26.76,-32.18,-28.91,-21.86,-26.65,-29.57,-22.94,-25.54,-39.15,-22.49,-22.23,-27.02,-34.92,-25.46,-27.13,-19.69,-30.78,-18.58,-44.91,-22.02,-27.56,-37.67,-32.28,-29.91,-36.53,-36.91,-22.69,-42.14,-26.18,-28.91,-31.65,-31.3,-28.91,-29.24,-32.5,-26.35,-26.45,-30.24,-33.13,-32.0,-19.39,-32.06,-31.59,-27.19,-31.73,-28.06,-21.56,-35.13,-34.78,-30.94,-30.02,-31.6,-32.5,-27.75,-37.08,-27.29,-26.96,-31.28,-23.93,-26.77,-30.91,-30.93,-30.12,-24.91,-29.91,-30.91,-19.79,-29.58,-23.13,-25.87,-28.91,-22.16,-36.81,-23.75,-30.9,-22.28,-23.88,-30.91,-33.09,-24.67,-31.91,-22.32,-32.68,-39.62,-31.91,-37.91,-22.01,-30.81,-27.6
38,-28.8,-29.04,-21.36,-25.47,-34.91,-23.03,-30.91,-25.93,-31.35,-20.61,-31.91,-24.79,-32.18,-28.91,-22.85,-26.65,-29.57,-22.94,-25.54,-39.15,-22.49,-22.23,-27.02,-34.92,-25.46,-27.13,-19.69,-30.78,-19.57,-44.91,-22.02,-27.56,-36.68,-32.28,-29.91,-36.53,-36.91,-22.69,-42.14,-26.18,-28.91,-31.65,-31.3,-28.91,-29.24,-32.5,-26.35,-26.45,-30.24,-33.13,-32.0,-18.41,-31.07,-31.59,-27.19,-31.73,-28.06,-21.56,-35.13,-34.78,-30.94,-30.02,-31.6,-30.53,-26.77,-37.08,-27.29,-25.98,-32.26,-24.92,-26.77,-30.91,-30.93,-30.12,-24.91,-29.91,-30.91,-19.79,-28.6,-23.13,-24.89,-28.91,-22.16,-35.82,-24.74,-30.9,-22.28,-23.88,-30.91,-33.09,-24.67,-31.91,-23.31,-31.7,-39.62,-31.91,-37.91,-22.01,-30.81,-28.58
39,-28.8,-29.04,-20.25,-26.57,-34.91,-23.03,-30.91,-25.93,-31.35,-20.61,-31.91,-25.89,-33.29,-28.91,-21.74,-26.65,-29.57,-22.94,-26.65,-39.15,-22.49,-22.23,-28.12,-34.92,-25.46,-28.23,-19.69,-30.78,-20.68,-44.91,-22.02,-27.56,-36.68,-32.28,-29.91,-36.53,-36.91,-23.79,-42.14,-26.18,-28.91,-31.65,-30.19,-28.91,-29.24,-31.39,-26.35,-26.45,-30.24,-33.13,-32.0,-19.52,-31.07,-31.59,-27.19,-31.73,-28.06,-21.56,-35.13,-34.78,-30.94,-30.02,-30.5,-31.64,-26.77,-37.08,-27.29,-27.08,-32.26,-23.81,-25.67,-30.91,-30.93,-30.12,-24.91,-29.91,-30.91,-19.79,-29.71,-23.13,-26.0,-28.91,-22.16,-35.82,-23.63,-30.9,-22.28,-23.88,-30.91,-34.19,-24.67,-31.91,-22.2,-31.7,-39.62,-31.91,-37.91,-20.91,-30.81,-28.58
40,-28.8,-29.04,-19.51,-25.84,-34.91,-23.03,-30.91,-26.67,-31.35,-20.61,-31.91,-25.16,-32.55,-28.91,-22.48,-25.92,-28.83,-22.94,-25.91,-39.15,-22.49,-22.23,-28.12,-34.92,-26.2,-26.76,-19.69,-30.78,-19.94,-44.91,-22.76,-27.56,-36.68,-32.28,-29.91,-36.53,-36.91,-24.53,-42.14,-26.18,-28.91,-30.91,-30.19,-28.91,-29.24,-32.13,-26.35,-26.45,-30.24,-33.13,-31.26,-19.52,-31.07,-31.59,-27.19,-31.73,-28.06,-21.56,-35.13,-34.78,-30.94,-30.02,-30.5,-31.64,-26.77,-37.08,-27.29,-26.35,-32.26,-24.55,-26.4,-30.91,-30.19,-29.39,-24.91,-29.91,-30.91,-19.79,-28.97,-23.13,-26.0,-28.91,-21.42,-36.56,-23.63,-30.9,-22.28,-23.88,-30.91,-32.72,-24.67,-31.17,-22.94,-31.7,-40.36,-31.91,-37.91,-20.91,-30.81,-27.84
41,-28.8,-29.04,-17.95,-27.4,-34.91,-23.03,-30.91,-26.67,-31.35,-20.61,-31.91,-26.72,-32.55,-28.91,-24.04,-27.48,-28.83,-22.94,-27.47,-39.15,-22.49,-22.23,-28.12,-34.92,-26.2,-26.76,-19.69,-30.78,-19.94,-44.91,-21.2,-27.56,-36.68,-32.28,-29.91,-36.53,-36.91,-22.97,-42.14,-26.18,-28.91,-30.91,-30.19,-28.91,-29.24,-32.13,-26.35,-26.45,-30.24,-33.13,-31.26,-19.52,-31.07,-31.59,-27.19,-31.73,-28.06,-20.0,-35.13,-34.78,-30.94,-30.02,-30.5,-31.64,-26.77,-35.51,-27.29,-24.78,-32.26,-24.55,-26.4,-30.91,-31.75,-29.39,-24.91,-29.91,-30.91,-19.79,-28.97,-23.13,-24.43,-28.91,-22.99,-36.56,-23.63,-30.9,-22.28,-23.88,-30.91,-34.28,-24.67,-31.17,-22.94,-30.13,-40.36,-31.91,-37.91,-22.47,-30.81,-27.84
42,-28.8,-29.04,-18.84,-26.51,-34.91,-23.03,-30.91,-26.67,-31.35,-20.61,-31.91,-24.95,-31.67,-28.91,-23.15,-26.59,-29.71,-22.94,-27.47,-39.15,-22.49,-22.23,-28.12,-34.92,-25.31,-26.76,-20.57,-30.78,-19.94,-44.91,-22.08,-27.56,-36.68,-32.28,-29.91,-36.53,-36.91,-22.08,-42.14,-26.18,-28.91,-30.91,-30.19,-28.91,-29.24,-32.13,-26.35,-26.45,-30.24,-33.13,-30.37,-19.52,-31.07,-31.59,-27.19,-31.73,-28.06,-20.89,-35.13,-34.78,-30.94,-30.02,-31.38,-31.64,-26.77,-35.51,-28.18,-24.78,-31.37,-24.55,-26.4,-30.91,-30.87,-29.39,-24.91,-29.91,-30.91,-19.79,-29.85,-23.13,-24.43,-28.91,-22.1,-37.45,-23.63,-30.9,-22.28,-23.88,-30.91,-32.51,-24.67,-31.17,-22.94,-31.02,-40.36,-31.91,-37.91,-21.58,-31.7,-27.84
43,-28.8,-29.04,-18.84,-25.36,-34.91,-23.03,-30.91,-26.67,-31.35,-20.61,-31.91,-26.1,-31.67,-28.91,-22.0,-25.44,-28.56,-22.94,-26.31,-39.15,-22.49,-21.07,-26.97,-34.92,-25.31,-26.76,-19.42,-30.78,-19.94,-44.91,-22.08,-27.56,-35.53,-32.28,-29.91,-36.53,-36.91,-23.24,-42.14,-26.18,-28.91,-30.91,-30.19,-28.91,-29.24,-32.13,-26.35,-26.45,-30.24,-33.13,-31.53,-19.52,-31.07,-31.59,-27.19,-31.73,-28.06,-20.89,-35.13,-34.78,-30.94,-30.02,-30.23,-31.64,-26.77,-35.51,-28.18,-25.94,-31.37,-25.71,-26.4,-30.91,-32.02,-29.39,-24.91,-29.91,-30.91,-19.79,-28.7,-23.13,-25.59,-28.91,-22.1,-36.29,-23.63,-30.9,-22.28,-23.88,-29.75,-32.51,-23.51,-31.17,-22.94,-32.18,-40.36,-31.91,-37.91,-21.58,-30.54,-27.84
44,-28.8,-29.04,-19.82,-26.34,-34.91,-23.03,-30.91,-26.67,-31.35,-20.61,-31.91,-24.14,-31.67,-28.91,-22.98,-26.42,-29.54,-23.92,-25.33,-39.15,-22.49,-21.07,-27.95,-34.92,-26.29,-26.76,-19.42,-30.78,-19.94,-44.91,-23.06,-26.58,-35.53,-32.28,-29.91,-36.53,-36.91,-23.24,-42.14,-26.18,-28.91,-29.93,-30.19,-28.91,-29.24,-32.13,-26.35,-26.45,-30.24,-33.13,-31.53,-19.52,-31.07,-31.59,-27.19,-31.73,-28.06,-20.89,-35.13,-34.78,-30.94,-30.02,-31.21,-31.64,-26.77,-35.51,-28.18,-25.94,-31.37,-24.73,-26.4,-30.91,-30.06,-29.39,-24.91,-29.91,-30.91,-19.79,-28.7,-23.13,-25.59,-28.91,-22.1,-36.29,-23.63,-30.9,-22.28,-22.9,-29.75,-32.51,-24.49,-31.17,-22.94,-31.19,-39.38,-31.91,-37.91,-20.6,-30.54,-27.84
45,-28.8,-29.04,-18.56,-25.08,-34.91,-23.03,-30.91,-25.41,-31.35,-20.61,-31.91,-25.4,-31.67,-28.91,-20.46,-25.16,-29.54,-23.92,-26.59,-39.15,-22.49,-21.07,-27.95,-34.92,-25.03,-26.76,-19.42,-30.78,-19.94,-44.91,-21.81,-26.58,-34.27,-32.28,-29.91,-36.53,-36.91,-23.24,-42.14,-26.18,-28.91,-31.19,-30.19,-28.91,-29.24,-32.13,-26.35,-26.45,-30.24,-33.13,-31.53,-19.52,-31.07,-31.59,-27.19,-31.73,-28.06,-20.89,-35.13,-34.78,-30.94,-30.02,-31.21,-32.9,-26.77,-35.51,-28.18,-25.94,-31.37,-23.47,-26.4,-30.91,-31.32,-29.39,-24.91,-29.91,-30.91,-19.79,-28.7,-23.13,-24.33,-28.91,-22.1,-35.03,-23.63,-30.9,-22.28,-22.9,-29.75,-32.51,-24.49,-31.17,-22.94,-31.19,-40.64,-31.91,-37.91,-21.86,-30.54,-27.84
46,-28.8,-28.06,-19.54,-25.08,-34.91,-23.03,-30.91,-26.39,-31.35,-20.61,-31.91,-25.4,-31.67,-28.91,-21.44,-26.14,-30.52,-22.94,-25.61,-38.17,-22.49,-22.05,-27.95,-34.92,-25.03,-26.76,-20.39,-30.78,-19.94,-44.91,-21.81,-26.58,-34.27,-32.28,-29.91,-36.53,-36.91,-23.24,-42.14,-26.18,-28.91,-30.21,-30.19,-28.91,-29.24,-33.11,-26.35,-26.45,-30.24,-33.13,-30.55,-18.54,-31.07,-31.59,-27.19,-30.75,-28.06,-20.89,-35.13,-34.78,-30.94,-30.02,-30.23,-31.92,-26.77,-35.51,-28.18,-25.94,-32.35,-24.45,-26.4,-30.91,-31.32,-29.39,-24.91,-29.91,-30.91,-19.79,-27.72,-23.13,-24.33,-28.91,-22.1,-36.01,-23.63,-30.9,-22.28,-22.9,-29.75,-31.53,-25.47,-31.17,-23.92,-32.17,-40.64,-31.91,-37.91,-20.88,-30.54,-27.84
47,-28.8,-28.06,-19.54,-25.99,-34.91,-23.03,-30.91,-26.39,-30.44,-20.61,-31.91,-25.4,-32.57,-28.91,-22.35,-25.23,-29.61,-23.85,-25.61,-38.17,-22.49,-22.96,-27.95,-34.92,-25.03,-26.76,-20.39,-30.78,-19.03,-44.91,-21.81,-26.58,-35.17,-32.28,-29.91,-36.53,-36.91,-22.33,-42.14,-26.18,-28.91,-31.11,-30.19,-28.91,-29.24,-32.21,-26.35,-26.45,-30.24,-33.13,-30.55,-19.44,-31.07,-31.59,-27.19,-30.75,-28.06,-20.89,-35.13,-34.78,-30.94,-30.02,-31.14,-30.11,-26.77,-35.51,-28.18,-25.94,-31.45,-25.35,-26.4,-30.91,-31.32,-29.39,-24.91,-29.91,-30.91,-19.79,-27.72,-23.13,-24.33,-28.91,-23.01,-36.01,-24.53,-30.9,-22.28,-22.9,-28.85,-32.43,-24.57,-31.17,-23.92,-31.27,-39.73,-31.91,-37.91,-19.98,-30.54,-27.84
48,-28.8,-28.06,-19.54,-24.73,-34.91,-23.03,-30.91,-26.39,-31.69,-20.61,-31.91,-25.4,-32.57,-28.91,-22.35,-25.23,-28.36,-22.6,-25.61,-38.17,-22.49,-21.7,-27.95,-34.92,-26.28,-26.76,-19.14,-30.78,-20.28,-44.91,-23.06,-26.58,-35.17,-32.28,-28.66,-36.53,-36.91,-22.33,-42.14,-26.18,-28.91,-31.11,-30.19,-28.91,-29.24,-32.21,-26.35,-26.45,-30.24,-33.13,-30.55,-20.69,-31.07,-31.59,-27.19,-30.75,-28.06,-20.89,-35.13,-34.78,-30.94,-30.02,-29.88,-31.36,-26.77,-35.51,-28.18,-25.94,-31.45,-24.1,-26.4,-30.91,-30.07,-29.39,-24.91,-29.91,-30.91,-19.79,-28.97,-23.13,-25.58,-28.91,-21.76,-36.01,-24.53,-30.9,-22.28,-22.9,-28.85,-31.18,-24.57,-31.17,-23.92,-31.27,-39.73,-31.91,-37.91,-21.23,-29.29,-27.84
49,-28.8,-28.06,-19.54,-25.92,-34.91,-23.03,-30.91,-25.21,-30.51,-20.61,-31.91,-25.4,-32.57,-28.91,-22.35,-26.42,-29.55,-23.78,-24.43,-38.17,-22.49,-21.7,-26.76,-34.92,-25.1,-26.76,-19.14,-30.78,-20.28,-44.91,-23.06,-26.58,-35.17,-32.28,-28.66,-36.53,-36.91,-22.33,-42.14,-26.18,-28.91,-32.3,-30.19,-28.91,-29.24,-32.21,-26.35,-26.45,-30.24,-33.13,-30.55,-20.69,-31.07,-31.59,-27.19,-30.75,-28.06,-20.89,-35.13,-34.78,-30.94,-30.02,-31.07,-32.54,-27.95,-35.51,-28.18,-25.94,-31.45,-24.1,-26.4,-30.91,-31.25,-29.39,-24.91,-29.91,-30.91,-19.79,-27.78,-23.13,-24.4,-28.91,-21.76,-36.01,-23.35,-30.9,-22.28,-22.9,-28.85,-32.37,-24.57,-31.17,-23.92,-31.27,-38.55,-31.91,-37.91,-20.04,-29.29,-27.84
50,-28.8,-28.06,-18.55,-25.92,-34.91,-23.03,-30.91,-26.19,-30.51,-20.61,-31.91,-25.4,-31.58,-28.91,-22.35,-25.43,-28.56,-22.79,-25.42,-38.17,-22.49,-21.7,-27.75,-34.92,-25.1,-26.76,-19.14,-30.78,-19.29,-43.92,-23.06,-26.58,-35.17,-32.28,-28.66,-36.53,-36.91,-23.32,-42.14,-26.18,-28.91,-31.31,-30.19,-28.91,-29.24,-31.22,-26.35,-26.45,-30.24,-33.13,-30.55,-20.69,-31.07,-31.59,-27.19,-30.75,-28.06,-20.89,-35.13,-34.78,-30.94,-30.02,-31.07,-31.56,-26.96,-35.51,-28.18,-25.94,-31.45,-25.09,-26.4,-30.91,-30.27,-29.39,-24.91,-29.91,-30.91,-19.79,-28.77,-23.13,-25.38,-28.91,-22.74,-36.01,-23.35,-30.9,-22.28,-22.9,-28.85,-33.36,-25.55,-31.17,-23.92,-31.27,-38.55,-31.91,-37.91,-21.03,-30.28,-27.84
51,-28.8,-28.06,-20.1,-27.47,-34.91,-23.03,-30.91,-24.65,-30.51,-20.61,-31.91,-25.4,-33.13,-28.91,-22.35,-26.98,-28.56,-22.79,-23.87,-38.17,-22.49,-21.7,-27.75,-34.92,-25.1,-26.76,-19.14,-30.78,-19.29,-43.92,-21.51,-26.58,-35.17,-32.28,-28.66,-36.53,-36.91,-21.77,-42.14,-26.18,-28.91,-31.31,-30.19,-28.91,-29.24,-31.22,-26.35,-26.45,-30.24,-33.13,-30.55,-20.69,-31.07,-31.59,-27.19,-30.75,-28.06,-20.89,-35.13,-34.78,-30.94,-30.02,-31.07,-33.1,-26.96,-35.51,-28.18,-24.39,-31.45,-25.09,-26.4,-30.91,-30.27,-29.39,-24.91,-29.91,-30.91,-19.79,-28.77,-23.13,-25.38,-28.91,-24.29,-36.01,-23.35,-30.9,-22.28,-22.9,-28.85,-31.81,-25.55,-31.17,-22.37,-29.72,-40.1,-31.91,-37.91,-21.03,-30.28,-27.84
52,-28.8,-28.06,-20.1,-26.46,-34.91,-23.03,-30.91,-24.65,-30.51,-20.61,-31.91,-25.4,-32.12,-28.91,-23.36,-25.97,-28.56,-22.79,-24.88,-38.17,-22.49,-21.7,-28.76,-34.92,-25.1,-26.76,-19.14,-30.78,-20.3,-43.92,-22.52,-26.58,-35.17,-32.28,-28.66,-36.53,-36.91,-22.78,-42.14,-26.18,-28.91,-31.31,-30.19,-28.91,-29.24,-31.22,-26.35,-27.46,-30.24,-33.13,-30.55,-20.69,-31.07,-31.59,-27.19,-30.75,-28.06,-20.89,-35.13,-34.78,-30.94,-30.02,-30.06,-31.09,-26.96,-35.51,-27.17,-24.39,-32.46,-26.1,-26.4,-30.91,-31.28,-29.39,-24.91,-29.91,-30.91,-19.79,-27.76,-23.13,-25.38,-28.91,-23.28,-36.01,-23.35,-30.9,-22.28,-22.9,-28.85,-30.8,-25.55,-31.17,-22.37,-29.72,-40.1,-31.91,-37.91,-21.03,-29.27,-27.84
53,-28.8,-28.06,-19.24,-25.6,-34.91,-23.03,-30.91,-25.51,-31.37,-20.61,-31.91,-24.54,-32.12,-28.91,-22.5,-25.11,-28.56,-22.79,-24.02,-38.17,-22.49,-21.7,-27.9,-34.92,-25.1,-26.76,-19.14,-30.78,-19.44,-43.92,-23.38,-26.58,-35.17,-32.28,-28.66,-36.53,-36.91,-21.92,-42.14,-26.18,-28.91,-30.45,-30.19,-28.91,-29.24,-31.22,-26.35,-26.6,-30.24,-33.13,-30.55,-19.84,-31.07,-31.59,-27.19,-30.75,-28.06,-20.89,-35.13,-34.78,-30.94,-30.02,-30.06,-31.94,-26.96,-35.51,-28.03,-25.25,-32.46,-26.1,-26.4,-30.91,-30.42,-29.39,-24.91,-29.91,-30.91,-19.79,-28.62,-23.13,-24.52,-28.91,-23.28,-35.15,-23.35,-30.9,-22.28,-22.9,-28.85,-31.66,-24.69,-31.17,-22.37,-30.58,-40.1,-31.91,-37.91,-21.89,-30.13,-27.84
54,-28.8,-28.06,-18.25,-24.61,-34.91,-23.03,-30.91,-25.51,-31.37,-20.61,-31.91,-25.53,-32.12,-28.91,-21.5,-25.11,-28.56,-23.79,-25.01,-38.17,-22.49,-21.7,-27.9,-34.92,-25.1,-26.76,-19.14,-30.78,-19.44,-43.92,-22.38,-26.58,-35.17,-32.28,-28.66,-36.53,-36.91,-21.92,-42.14,-26.18,-28.91,-30.45,-30.19,-28.91,-29.24,-32.21,-26.35,-26.6,-30.24,-33.13,-31.54,-19.84,-31.07,-31.59,-26.2,-30.75,-27.07,-20.89,-35.13,-34.78,-29.95,-30.02,-30.06,-30.95,-26.96,-35.51,-28.03,-25.25,-31.46,-25.1,-27.4,-30.91,-30.42,-29.39,-24.91,-29.91,-30.91,-19.79,-27.63,-23.13,-23.53,-28.91,-23.28,-36.14,-23.35,-30.9,-22.28,-22.9,-28.85,-32.65,-24.69,-31.17,-23.36,-30.58,-39.1,-31.91,-37.91,-20.9,-30.13,-27.84
55,-28.8,-28.06,-19.45,-24.61,-34.91,-23.03,-30.91,-25.51,-31.37,-20.61,-31.91,-24.33,-32.12,-28.91,-22.71,-25.11,-28.56,-22.58,-25.01,-38.17,-22.49,-21.7,-29.1,-34.92,-26.3,-26.76,-19.14,-30.78,-20.65,-43.92,-22.38,-26.58,-36.38,-32.28,-28.66,-36.53,-36.91,-23.13,-42.14,-26.18,-28.91,-30.45,-28.99,-28.91,-29.24,-31.01,-26.35,-26.6,-30.24,-33.13,-30.34,-19.84,-31.07,-31.59,-26.2,-30.75,-27.07,-20.89,-35.13,-34.78,-29.95,-28.81,-31.26,-30.95,-26.96,-35.51,-28.03,-25.25,-31.46,-25.1,-27.4,-30.91,-31.62,-29.39,-24.91,-29.91,-30.91,-18.59,-28.83,-23.13,-24.73,-28.91,-22.08,-36.14,-23.35,-30.9,-22.28,-22.9,-28.85,-32.65,-24.69,-31.17,-23.36,-30.58,-39.1,-31.91,-37.91,-20.9,-30.13,-27.84
56,-28.8,-28.87,-19.45,-25.42,-34.91,-22.21,-30.91,-24.69,-31.37,-20.61,-31.91,-25.15,-32.12,-28.91,-21.07,-25.93,-27.74,-22.58,-25.83,-38.17,-22.49,-22.52,-28.29,-34.92,-25.48,-26.76,-19.14,-30.78,-19.83,-43.92,-22.38,-26.58,-36.38,-32.28,-28.66,-36.53,-36.91,-23.94,-42.14,-26.18,-28.91,-30.45,-28.99,-28.91,-29.24,-31.83,-26.35,-26.6,-30.24,-33.13,-31.16,-19.84,-31.07,-31.59,-26.2,-30.75,-27.07,-20.89,-35.13,-34.78,-30.77,-28.81,-30.45,-31.77,-26.96,-35.51,-28.03,-26.06,-31.46,-25.1,-26.58,-30.91,-30.8,-29.39,-24.91,-29.91,-30.91,-18.59,-28.02,-23.13,-24.73,-28.91,-22.08,-35.33,-23.35,-30.9,-22.28,-22.9,-28.85,-32.65,-24.69,-31.17,-23.36,-30.58,-39.1,-31.91,-37.91,-21.71,-30.13,-27.84
57,-28.8,-27.7,-19.45,-25.42,-34.91,-22.21,-30.91,-25.86,-31.37,-20.61,-31.91,-26.32,-32.12,-28.91,-22.25,-24.75,-27.74,-22.58,-24.65,-38.17,-22.49,-22.52,-27.12,-34.92,-25.48,-26.76,-19.14,-30.78,-19.83,-43.92,-22.38,-26.58,-36.38,-32.28,-28.66,-36.53,-36.91,-23.94,-42.14,-26.18,-28.91,-30.45,-28.99,-28.91,-29.24,-31.83,-26.35,-26.6,-30.24,-33.13,-29.98,-18.66,-31.07,-31.59,-26.2,-30.75,-27.07,-20.89,-35.13,-34.78,-30.77,-28.81,-30.45,-30.59,-26.96,-35.51,-28.03,-26.06,-31.46,-25.1,-26.58,-30.91,-30.8,-29.39,-24.91,-29.91,-30.91,-18.59,-28.02,-23.13,-25.91,-28.91,-22.08,-36.5,-23.35,-30.9,-22.28,-22.9,-28.85,-30.31,-24.69,-31.17,-22.19,-31.75,-39.1,-31.91,-37.91,-20.54,-30.13,-27.84
58,-28.8,-27.7,-19.45,-25.42,-34.91,-22.21,-30.91,-24.8,-31.37,-20.61,-31.91,-24.2,-32.12,-28.91,-22.25,-25.81,-27.74,-23.65,-25.72,-38.17,-22.49,-22.52,-27.12,-34.92,-24.42,-26.76,-19.14,-30.78,-18.77,-43.92,-22.38,-26.58,-36.38,-32.28,-28.66,-36.53,-36.91,-22.88,-42.14,-26.18,-28.91,-30.45,-28.99,-28.91,-29.24,-31.83,-25.29,-26.6,-30.24,-33.13,-29.98,-18.66,-31.07,-31.59,-26.2,-30.75,-27.07,-20.89,-35.13,-34.78,-30.77,-28.81,-31.51,-31.66,-26.96,-35.51,-28.03,-25.0,-30.4,-25.1,-26.58,-30.91,-30.8,-29.39,-24.91,-29.91,-30.91,-18.59,-28.02,-23.13,-25.91,-28.91,-22.08,-35.44,-24.41,-30.9,-22.28,-22.9,-28.85,-31.37,-24.69,-31.17,-23.25,-30.69,-39.1,-31.91,-37.91,-20.54,-30.13,-27.84
59,-28.8,-27.7,-18.56,-25.42,-34.91,-22.21,-30.91,-25.69,-30.47,-20.61,-31.91,-25.09,-32.12,-28.91,-22.25,-24.92,-28.64,-23.65,-24.82,-38.17,-22.49,-22.52,-26.22,-34.92,-25.31,-25.86,-19.14,-30.78,-19.66,-43.92,-22.38,-25.69,-35.48,-32.28,-28.66,-36.53,-36.91,-22.88,-42.14,-26.18,-28.91,-30.45,-28.99,-28.91,-29.24,-31.83,-25.29,-26.6,-30.24,-33.13,-29.98,-19.55,-30.18,-31.59,-26.2,-30.75,-27.07,-19.99,-35.13,-34.78,-30.77,-28.81,-30.62,-31.66,-26.07,-35.51,-28.03,-25.89,-31.29,-24.21,-25.69,-30.91,-30.8,-29.39,-24.91,-29.91,-30.91,-18.59,-28.02,-23.13,-25.01,-28.91,-22.08,-35.44,-24.41,-30.9,-22.28,-22.9,-28.85,-31.37,-24.69,-31.17,-23.25,-30.69,-39.99,-31.91,-37.91,-21.43,-30.13,-27.84
60,-28.8,-27.7,-19.62,-25.42,-34.91,-22.21,-30.91,-24.63,-31.53,-20.61,-31.91,-25.09,-32.12,-28.91,-21.19,-25.98,-27.57,-22.58,-24.82,-38.17,-22.49,-22.52,-27.28,-34.92,-25.31,-25.86,-19.14,-30.78,-19.66,-43.92,-22.38,-25.69,-35.48,-32.28,-28.66,-36.53,-36.91,-23.94,-42.14,-26.18,-28.91,-30.45,-28.99,-28.91,-29.24,-31.83,-25.29,-26.6,-29.18,-33.13,-29.98,-19.55,-30.18,-31.59,-26.2,-30.75,-27.07,-21.05,-35.13,-34.78,-30.77,-28.81,-31.68,-32.72,-26.07,-35.51,-28.03,-25.89,-31.29,-24.21,-25.69,-30.91,-28.68,-29.39,-24.91,-29.91,-30.91,-18.59,-28.02,-23.13,-25.01,-28.91,-22.08,-35.44,-23.35,-30.9,-22.28,-22.9,-28.85,-32.43,-24.69,-31.17,-23.25,-30.69,-38.93,-31.91,-37.91,-20.37,-30.13,-27.84
61,-28.8,-27.7,-19.62,-25.42,-34.91,-22.21,-30.91,-25.87,-31.53,-20.61,-31.91,-26.33,-32.12,-28.91,-22.42,-25.98,-27.57,-22.58,-24.82,-38.17,-22.49,-22.52,-27.28,-34.92,-25.31,-25.86,-19.14,-30.78,-19.66,-43.92,-22.38,-25.69,-34.25,-32.28,-28.66,-36.53,-36.91,-23.94,-42.14,-26.18,-28.91,-29.22,-28.99,-28.91,-29.24,-30.59,-25.29,-26.6,-29.18,-33.13,-29.98,-19.55,-30.18,-31.59,-26.2,-30.75,-27.07,-21.05,-35.13,-34.78,-30.77,-28.81,-30.44,-30.24,-27.31,-35.51,-28.03,-25.89,-31.29,-24.21,-25.69,-30.91,-29.92,-29.39,-24.91,-29.91,-30.91,-18.59,-28.02,-23.13,-25.01,-28.91,-20.84,-34.2,-23.35,-30.9,-22.28,-22.9,-28.85,-31.19,-24.69,-31.17,-23.25,-30.69,-38.93,-31.91,-37.91,-21.61,-30.13,-26.6
62,-28.8,-27.7,-19.62,-24.45,-34.91,-22.21,-30.91,-24.9,-31.53,-20.61,-31.91,-24.39,-32.12,-28.91,-22.42,-25.98,-27.57,-22.58,-25.79,-38.17,-22.49,-22.52,-27.28,-34.92,-25.31,-25.86,-19.14,-30.78,-18.69,-43.92,-22.38,-25.69,-34.25,-32.28,-28.66,-36.53,-36.91,-22.97,-42.14,-26.18,-28.91,-30.18,-28.99,-28.91,-29.24,-30.59,-25.29,-26.6,-29.18,-32.16,-29.98,-18.59,-30.18,-31.59,-26.2,-30.75,-27.07,-21.05,-35.13,-34.78,-29.8,-28.81,-30.44,-31.21,-26.34,-35.51,-28.03,-25.89,-31.29,-24.21,-25.69,-30.91,-29.92,-29.39,-24.91,-29.91,-30.91,-18.59,-28.02,-23.13,-24.05,-28.91,-21.81,-35.17,-23.35,-30.9,-21.31,-22.9,-28.85,-32.16,-24.69,-31.17,-24.22,-30.69,-38.93,-31.91,-37.91,-20.64,-30.13,-27.57
63,-28.8,-27.7,-19.62,-25.42,-34.91,-22.21,-30.91,-24.9,-30.57,-20.61,-31.91,-25.36,-32.12,-28.91,-21.46,-25.98,-28.54,-23.55,-24.82,-38.17,-22.49,-21.55,-27.28,-34.92,-25.31,-25.86,-19.14,-30.78,-19.66,-43.92,-23.35,-25.69,-34.25,-32.28,-28.66,-36.53,-36.91,-22.97,-42.14,-26.18,-28.91,-31.15,-28.99,-28.91,-29.24,-31.56,-25.29,-26.6,-29.18,-32.16,-30.95,-19.55,-30.18,-31.59,-26.2,-30.75,-27.07,-21.05,-35.13,-34.78,-29.8,-28.81,-30.44,-31.21,-26.34,-35.51,-27.06,-25.89,-31.29,-24.21,-25.69,-30.91,-29.92,-29.39,-24.91,-29.91,-30.91,-18.59,-28.98,-23.13,-24.05,-28.91,-22.78,-35.17,-23.35,-30.9,-22.28,-23.87,-28.85,-32.16,-24.69,-31.17,-23.25,-30.69,-37.97,-31.91,-37.91,-19.67,-29.16,-27.57
64,-28.8,-27.7,-18.65,-25.42,-34.91,-22.21,-30.91,-25.87,-30.57,-20.61,-30.94,-23.42,-32.12,-28.91,-22.42,-25.98,-28.54,-22.58,-25.79,-38.17,-22.49,-21.55,-27.28,-34.92,-25.31,-25.86,-19.14,-30.78,-19.66,-43.92,-22.38,-25.69,-34.25,-32.28,-28.66,-36.53,-36.91,-23.94,-42.14,-26.18,-28.91,-30.18,-28.99,-28.91,-29.24,-31.56,-25.29,-26.6,-29.18,-32.16,-30.95,-19.55,-30.18,-31.59,-26.2,-30.75,-27.07,-21.05,-35.13,-34.78,-29.8,-28.81,-30.44,-31.21,-26.34,-35.51,-27.06,-24.93,-31.29,-24.21,-26.66,-30.91,-29.92,-29.39,-24.91,-29.91,-30.91,-18.59,-28.02,-23.13,-25.01,-28.91,-21.81,-34.2,-23.35,-30.9,-22.28,-23.87,-28.85,-31.19,-24.69,-30.2,-23.25,-30.69,-38.93,-31.91,-37.91,-20.64,-29.16,-27.57
65,-28.8,-27.7,-19.88,-24.19,-34.91,-22.21,-30.91,-24.63,-30.57,-20.61,-30.94,-24.66,-33.36,-28.91,-22.42,-25.98,-28.54,-23.82,-25.79,-38.17,-22.49,-21.55,-27.28,-34.92,-24.08,-25.86,-19.14,-30.78,-19.66,-43.92,-22.38,-25.69,-34.25,-32.28,-28.66,-36.53,-36.91,-23.94,-40.9,-26.18,-28.91,-31.42,-28.99,-28.91,-29.24,-31.56,-25.29,-26.6,-29.18,-32.16,-29.72,-20.79,-30.18,-31.59,-26.2,-30.75,-27.07,-21.05,-35.13,-34.78,-29.8,-28.81,-30.44,-32.45,-26.34,-35.51,-27.06,-24.93,-31.29,-24.21,-26.66,-30.91,-29.92,-29.39,-24.91,-29.91,-30.91,-18.59,-28.02,-23.13,-25.01,-28.91,-23.05,-35.44,-23.35,-30.9,-22.28,-23.87,-28.85,-32.43,-24.69,-30.2,-22.01,-31.93,-37.7,-31.91,-37.91,-20.64,-29.16,-27.57
66,-28.8,-27.7,-19.19,-24.88,-34.91,-22.21,-30.91,-25.33,-30.57,-20.61,-30.94,-24.66,-32.66,-28.91,-23.12,-25.29,-29.24,-23.82,-25.1,-38.17,-22.49,-21.55,-26.59,-34.92,-24.77,-25.86,-19.14,-30.78,-18.97,-43.92,-23.08,-25.69,-34.25,-32.28,-28.66,-36.53,-36.91,-23.24,-40.9,-26.18,-28.91,-30.72,-28.99,-28.91,-29.24,-30.86,-25.29,-25.9,-29.18,-32.16,-30.41,-20.1,-30.18,-31.59,-26.2,-30.75,-27.07,-21.05,-35.13,-34.78,-29.8,-28.81,-30.44,-31.75,-27.04,-35.51,-27.06,-24.93,-30.6,-24.91,-26.66,-30.91,-29.92,-29.39,-24.91,-29.91,-30.91,-18.59,-28.02,-23.13,-24.32,-28.91,-23.05,-34.74,-24.05,-30.9,-22.28,-23.17,-28.85,-33.12,-24.0,-30.2,-22.01,-31.23,-38.39,-31.91,-37.91,-21.33,-29.85,-27.57
67,-28.8,-27.7,-19.19,-24.06,-34.91,-22.21,-30.91,-25.33,-30.57,-20.61,-30.94,-24.66,-32.66,-28.91,-21.47,-25.29,-28.41,-23.0,-25.92,-38.17,-22.49,-22.38,-26.59,-34.92,-24.77,-25.86,-19.14,-30.78,-19.79,-43.92,-22.26,-25.69,-34.25,-32.28,-28.66,-36.53,-36.91,-23.24,-40.9,-26.18,-28.91,-29.9,-28.99,-28.91,-29.24,-31.69,-25.29,-25.9,-29.18,-32.16,-30.41,-20.1,-30.18,-31.59,-26.2,-30.75,-27.07,-21.05,-35.13,-34.78,-30.62,-28.81,-31.26,-30.93,-27.04,-35.51,-27.06,-24.93,-30.6,-24.08,-26.66,-30.91,-29.92,-29.39,-24.91,-29.91,-30.91,-18.59,-27.19,-23.13,-24.32,-28.91,-22.22,-34.74,-24.05,-30.9,-22.28,-23.17,-28.85,-31.48,-24.82,-30.2,-22.84,-31.23,-39.22,-31.91,-37.91,-20.51,-29.85,-27.57
68,-28.8,-27.7,-18.31,-24.93,-34.91,-22.21,-30.91,-26.21,-30.57,-20.61,-30.94,-24.66,-32.66,-28.91,-22.35,-26.16,-28.41,-23.0,-24.17,-38.17,-22.49,-22.38,-26.59,-34.92,-24.77,-25.86,-20.02,-30.78,-18.91,-43.92,-22.26,-25.69,-34.25,-32.28,-28.66,-36.53,-36.91,-22.37,-40.9,-25.31,-28.91,-29.9,-28.99,-28.91,-29.24,-30.81,-25.29,-25.9,-29.18,-32.16,-30.41,-19.22,-30.18,-31.59,-26.2,-30.75,-27.07,-21.05,-35.13,-34.78,-29.74,-28.81,-31.26,-30.93,-27.04,-35.51,-27.06,-24.93,-30.6,-23.21,-26.66,-30.91,-29.92,-29.39,-24.91,-29.91,-30.91,-18.59,-27.19,-23.13,-23.44,-28.91,-23.1,-35.62,-24.05,-30.9,-22.28,-23.17,-28.85,-32.35,-24.82,-30.2,-22.84,-30.35,-38.34,-31.91,-37.91,-20.51,-29.85,-26.7
69,-28.8,-27.7,-19.48,-24.93,-34.91,-22.21,-30.91,-25.04,-30.57,-20.61,-30.94,-24.66,-32.66,-28.91,-22.35,-24.99,-27.24,-23.0,-25.34,-38.17,-22.49,-21.21,-26.59,-34.92,-24.77,-25.86,-20.02,-30.78,-20.08,-42.75,-22.26,-25.69,-34.25,-32.28,-28.66,-36.53,-36.91,-22.37,-40.9,-25.31,-28.91,-31.07,-28.99,-28.91,-29.24,-30.81,-25.29,-25.9,-29.18,-32.16,-30.41,-20.39,-30.18,-31.59,-26.2,-30.75,-27.07,-19.88,-35.13,-34.78,-29.74,-28.81,-30.09,-32.1,-25.87,-35.51,-27.06,-24.93,-30.6,-23.21,-26.66,-30.91,-29.92,-29.39,-24.91,-29.91,-30.91,-18.59,-28.36,-23.13,-24.61,-28.91,-23.1,-35.62,-24.05,-30.9,-22.28,-23.17,-28.85,-33.52,-24.82,-30.2,-22.84,-30.35,-38.34,-31.91,-37.91,-20.51,-29.85,-27.87
70,-28.8,-27.7,-18.43,-24.93,-34.91,-22.21,-30.91,-26.09,-30.57,-20.61,-30.94,-24.66,-32.66,-28.91,-22.35,-23.94,-28.3,-23.0,-24.28,-38.17,-22.49,-21.21,-27.64,-34.92,-23.72,-25.86,-20.02,-30.78,-19.03,-42.75,-22.26,-25.69,-34.25,-32.28,-28.66,-35.47,-36.91,-23.42,-40.9,-25.31,-28.91,-30.02,-28.99,-28.91,-29.24,-30.81,-25.29,-25.9,-29.18,-32.16,-31.47,-20.39,-30.18,-31.59,-26.2,-30.75,-27.07,-19.88,-35.13,-34.78,-29.74,-28.81,-30.09,-31.04,-26.92,-35.51,-27.06,-25.98,-30.6,-24.26,-26.66,-30.91,-29.92,-29.39,-24.91,-29.91,-30.91,-18.59,-27.31,-23.13,-24.61,-28.91,-23.1,-35.62,-24.05,-30.9,-22.28,-22.12,-28.85,-32.47,-24.82,-30.2,-22.84,-30.35,-38.34,-31.91,-37.91,-21.56,-29.85,-27.87
71,-28.8,-28.61,-19.34,-25.85,-34.91,-22.21,-30.91,-26.09,-30.57,-20.61,-30.94,-23.74,-31.75,-28.91,-23.26,-24.86,-28.3,-23.0,-25.2,-38.17,-22.49,-22.12,-26.73,-34.92,-24.63,-25.86,-20.02,-30.78,-19.95,-42.75,-22.26,-25.69,-34.25,-32.28,-28.66,-35.47,-36.91,-22.5,-40.9,-25.31,-28.91,-30.02,-28.99,-28.91,-29.24,-31.72,-25.29,-25.9,-29.18,-32.16,-31.47,-19.47,-30.18,-31.59,-26.2,-30.75,-27.07,-19.88,-35.13,-34.78,-30.66,-28.81,-30.09,-31.96,-26.92,-35.51,-27.06,-25.06,-30.6,-24.26,-26.66,-30.91,-29.92,-29.39,-23.99,-29.91,-30.91,-18.59,-27.31,-23.13,-23.7,-28.91,-23.1,-35.62,-24.05,-30.9,-21.36,-23.04,-28.85,-32.47,-24.82,-30.2,-22.84,-30.35,-38.34,-31.91,-37.91,-20.65,-29.85,-27.87
72,-28.8,-28.61,-19.34,-24.97,-34.91,-22.21,-30.91,-25.21,-30.57,-20.61,-30.94,-24.62,-32.62,-28.91,-23.26,-24.86,-28.3,-23.0,-25.2,-38.17,-22.49,-22.12,-27.6,-34.92,-23.76,-26.74,-20.02,-30.78,-19.95,-42.75,-22.26,-26.57,-34.25,-32.28,-28.66,-35.47,-36.91,-23.38,-40.9,-25.31,-28.91,-30.02,-28.99,-28.91,-29.24,-31.72,-25.29,-25.9,-29.18,-32.16,-30.59,-20.35,-30.18,-31.59,-26.2,-30.75,-27.07,-20.76,-35.13,-34.78,-30.66,-28.81,-30.09,-32.84,-26.04,-35.51,-27.06,-25.06,-30.6,-24.26,-25.78,-30.91,-29.92,-29.39,-23.99,-29.91,-30.91,-18.59,-28.19,-23.13,-24.57,-28.91,-22.22,-36.5,-24.05,-30.9,-21.36,-23.04,-28.85,-31.59,-24.82,-30.2,-23.72,-31.23,-39.22,-31.91,-37.03,-20.65,-29.85,-27.87
73,-28.8,-27.8,-18.53,-24.97,-34.91,-22.21,-30.91,-25.21,-30.57,-20.61,-30.94,-25.43,-31.81,-28.91,-22.45,-25.67,-28.3,-23.0,-26.01,-38.17,-22.49,-22.12,-26.79,-34.92,-24.57,-26.74,-20.02,-30.78,-19.14,-42.75,-22.26,-26.57,-34.25,-32.28,-28.66,-35.47,-36.91,-22.57,-40.9,-25.31,-28.91,-30.02,-28.99,-28.91,-29.24,-31.72,-25.29,-25.9,-29.18,-32.16,-30.59,-19.54,-30.18,-31.59,-26.2,-30.75,-27.07,-20.76,-35.13,-34.78,-30.66,-28.81,-30.09,-31.22,-26.04,-34.7,-27.06,-25.06,-30.6,-24.26,-25.78,-30.91,-29.92,-29.39,-23.99,-29.91,-30.91,-18.59,-28.19,-23.13,-23.76,-28.91,-23.03,-35.69,-24.05,-30.9,-22.17,-23.04,-28.85,-32.4,-24.82,-30.2,-24.53,-30.42,-39.22,-31.91,-37.03,-21.46,-29.85,-27.06
74,-28.8,-27.8,-19.45,-24.97,-34.91,-22.21,-30.91,-26.13,-30.57,-20.61,-30.94,-23.6,-31.81,-28.91,-22.45,-24.75,-28.3,-23.0,-25.09,-38.17,-22.49,-22.12,-26.79,-34.92,-25.48,-25.83,-19.11,-30.78,-20.05,-42.75,-22.26,-25.65,-34.25,-32.28,-28.66,-35.47,-36.91,-22.57,-40.9,-25.31,-28.91,-30.93,-28.99,-28.91,-29.24,-31.72,-25.29,-25.9,-29.18,-32.16,-30.59,-19.54,-30.18,-31.59,-26.2,-30.75,-27.07,-20.76,-35.13,-34.78,-30.66,-28.81,-30.09,-32.13,-26.04,-34.7,-27.06,-25.98,-30.6,-24.26,-25.78,-30.91,-29.92,-29.39,-23.99,-29.91,-30.91,-18.59,-29.1,-23.13,-24.68,-28.91,-23.03,-35.69,-24.05,-30.9,-22.17,-23.04,-28.85,-32.4,-23.91,-30.2,-23.61,-31.34,-38.3,-31.91,-37.03,-21.46,-28.94,-27.06
75,-28.8,-27.8,-18.28,-24.97,-34.91,-22.21,-30.91,-26.13,-30.57,-20.61,-30.94,-24.77,-31.81,-28.91,-22.45,-24.75,-28.3,-23.0,-26.26,-38.17,-22.49,-22.12,-27.96,-34.92,-24.31,-25.83,-19.11,-30.78,-18.88,-42.75,-22.26,-25.65,-34.25,-32.28,-28.66,-35.47,-36.91,-22.57,-40.9,-25.31,-28.91,-29.76,-28.99,-28.91,-29.24,-30.55,-25.29,-25.9,-29.18,-32.16,-31.76,-19.54,-30.18,-31.59,-26.2,-30.75,-27.07,-20.76,-35.13,-34.78,-30.66,-28.81,-30.09,-32.13,-27.21,-34.7,-27.06,-24.81,-30.6,-24.26,-25.78,-30.91,-29.92,-29.39,-25.16,-29.91,-30.91,-18.59,-27.93,-23.13,-24.68,-28.91,-21.86,-35.69,-24.05,-30.9,-22.17,-23.04,-28.85,-31.23,-23.91,-30.2,-22.44,-31.34,-37.13,-31.91,-37.03,-20.29,-28.94,-27.06
76,-28.8,-27.8,-18.28,-24.97,-34.91,-22.21,-30.91,-26.13,-31.32,-20.61,-30.94,-24.77,-31.81,-28.91,-21.7,-25.5,-28.3,-23.0,-24.76,-38.17,-22.49,-22.12,-27.21,-34.92,-25.07,-25.83,-19.11,-30.78,-19.63,-42.75,-22.26,-25.65,-35.0,-32.28,-28.66,-35.47,-36.91,-21.82,-40.9,-25.31,-28.91,-29.76,-28.99,-28.91,-29.24,-30.55,-25.29,-25.9,-29.18,-32.16,-31.01,-18.79,-30.18,-31.59,-26.2,-30.75,-26.31,-20.76,-35.13,-34.78,-29.91,-28.81,-30.85,-31.38,-27.21,-34.7,-27.06,-24.81,-30.6,-23.51,-26.53,-30.91,-29.92,-29.39,-25.16,-29.91,-30.91,-18.59,-27.18,-23.13,-23.93,-28.91,-21.86,-34.94,-23.29,-30.9,-22.17,-23.04,-28.85,-31.23,-23.91,-30.2,-23.19,-30.59,-37.88,-31.91,-37.03,-20.29,-29.69,-27.06
77,-27.75,-27.8,-18.28,-23.92,-34.91,-22.21,-30.91,-25.07,-31.32,-20.61,-30.94,-25.82,-32.87,-28.91,-21.7,-24.45,-28.3,-23.0,-25.81,-38.17,-22.49,-22.12,-28.26,-34.92,-25.07,-25.83,-19.11,-30.78,-18.58,-42.75,-22.26,-25.65,-35.0,-32.28,-28.66,-35.47,-36.91,-21.82,-40.9,-25.31,-28.91,-29.76,-28.99,-28.91,-29.24,-30.55,-25.29,-25.9,-29.18,-32.16,-31.01,-19.84,-30.18,-31.59,-26.2,-30.75,-26.31,-20.76,-35.13,-34.78,-29.91,-28.81,-29.79,-32.43,-27.21,-34.7,-27.06,-24.81,-31.65,-23.51,-25.48,-30.91,-29.92,-29.39,-25.16,-29.91,-30.91,-18.59,-28.23,-23.13,-23.93,-28.91,-20.81,-34.94,-23.29,-31.96,-22.17,-23.04,-28.85,-31.23,-23.91,-30.2,-22.14,-30.59,-37.88,-31.91,-35.98,-21.34,-29.69,-27.06
78,-27.75,-27.8,-18.85,-24.49,-34.91,-22.21,-30.91,-25.64,-31.32,-20.61,-30.37,-24.11,-32.3,-28.91,-22.27,-25.02,-28.87,-22.43,-25.24,-38.17,-22.49,-22.12,-27.7,-34.92,-25.07,-25.83,-19.11,-30.78,-19.15,-42.75,-22.26,-25.65,-35.0,-32.28,-28.66,-35.47,-36.91,-21.82,-40.9,-25.31,-28.91,-29.76,-28.99,-28.91,-29.24,-30.55,-25.29,-25.9,-29.18,-32.16,-31.01,-19.27,-30.18,-31.59,-26.2,-30.75,-26.31,-20.76,-35.13,-34.78,-29.91,-28.81,-30.36,-31.86,-26.64,-34.7,-27.06,-25.38,-31.65,-23.51,-26.05,-30.91,-30.49,-28.82,-24.59,-29.91,-30.91,-18.59,-28.23,-23.13,-23.93,-28.91,-21.38,-35.51,-23.29,-31.39,-22.17,-23.61,-28.85,-31.23,-23.91,-30.2,-22.71,-31.15,-37.88,-31.91,-35.98,-20.77,-29.69,-27.06
79,-27.75,-27.8,-17.8,-25.54,-34.91,-22.21,-30.91,-25.64,-31.32,-20.61,-30.37,-25.17,-32.3,-28.91,-23.32,-25.02,-27.81,-22.43,-26.3,-38.17,-22.49,-22.12,-26.64,-34.92,-24.01,-25.83,-19.11,-30.78,-18.1,-42.75,-21.2,-25.65,-35.0,-32.28,-28.66,-35.47,-36.91,-21.82,-40.9,-25.31,-28.91,-29.76,-28.99,-28.91,-29.24,-30.55,-25.29,-25.9,-29.18,-32.16,-31.01,-19.27,-30.18,-31.59,-26.2,-30.75,-26.31,-19.71,-35.13,-34.78,-29.91,-28.81,-30.36,-30.81,-26.64,-34.7,-27.06,-25.38,-31.65,-23.51,-26.05,-30.91,-29.44,-28.82,-24.59,-29.91,-30.91,-18.59,-27.18,-23.13,-24.98,-28.91,-22.43,-34.45,-23.29,-30.33,-22.17,-23.61,-28.85,-32.29,-23.91,-30.2,-22.71,-31.15,-37.88,-31.91,-35.98,-21.82,-29.69,-27.06
80,-27.75,-28.53,-18.52,-24.82,-34.91,-22.21,-30.91,-25.64,-31.32,-20.61,-30.37,-23.72,-31.57,-28.91,-22.6,-25.02,-27.81,-22.43,-24.84,-38.17,-22.49,-22.85,-27.37,-34.92,-24.01,-25.83,-19.11,-30.78,-18.1,-42.75,-21.93,-25.65,-35.0,-32.28,-28.66,-35.47,-36.91,-21.09,-40.9,-25.31,-28.91,-29.76,-28.99,-28.91,-29.24,-31.28,-25.29,-25.9,-29.18,-32.16,-30.28,-19.27,-30.18,-31.59,-26.2,-30.75,-26.31,-20.44,-35.13,-34.78,-30.63,-28.81,-31.09,-30.81,-25.92,-34.7,-27.06,-25.38,-30.92,-23.51,-26.05,-30.91,-29.44,-28.82,-24.59,-29.91,-30.91,-18.59,-27.91,-23.13,-24.98,-28.91,-21.71,-35.18,-23.29,-30.33,-22.17,-23.61,-28.85,-31.56,-23.91,-30.2,-22.71,-31.15,-37.88,-31.91,-35.98,-21.1,-29.69,-27.06
81,-27.75,-28.53,-19.84,-24.82,-34.91,-22.21,-30.91,-24.33,-31.32,-20.61,-30.37,-25.03,-32.89,-28.91,-21.28,-25.02,-27.81,-22.43,-26.16,-38.17,-22.49,-21.53,-27.37,-34.92,-24.01,-27.14,-19.11,-30.78,-18.1,-42.75,-21.93,-25.65,-35.0,-32.28,-28.66,-35.47,-36.91,-22.41,-40.9,-25.31,-28.91,-29.76,-28.99,-28.91,-29.24,-31.28,-25.29,-25.9,-29.18,-32.16,-30.28,-17.95,-30.18,-31.59,-26.2,-30.75,-26.31,-20.44,-35.13,-34.78,-30.63,-28.81,-29.77,-32.13,-25.92,-34.7,-27.06,-25.38,-30.92,-23.51,-26.05,-30.91,-30.75,-28.82,-24.59,-29.91,-30.91,-18.59,-27.91,-23.13,-23.66,-28.91,-23.02,-35.18,-23.29,-30.33,-22.17,-23.61,-28.85,-32.88,-23.91,-30.2,-22.71,-31.15,-37.88,-31.91,-35.98,-21.1,-29.69,-27.06
82,-27.75,-27.83,-19.84,-24.82,-34.91,-22.21,-30.91,-25.03,-31.32,-20.61,-30.37,-24.33,-32.19,-28.91,-21.98,-25.72,-28.52,-22.43,-24.75,-38.17,-22.49,-21.53,-26.67,-34.92,-24.71,-26.44,-19.11,-30.78,-18.8,-42.75,-22.63,-25.65,-35.0,-32.28,-28.66,-35.47,-36.91,-21.71,-40.9,-25.31,-28.91,-30.46,-28.99,-28.91,-29.24,-31.28,-25.29,-25.9,-29.18,-32.16,-30.28,-17.95,-30.18,-31.59,-26.2,-30.75,-26.31,-20.44,-35.13,-34.78,-30.63,-28.81,-29.77,-30.72,-25.92,-34.7,-27.06,-25.38,-30.92,-23.51,-26.05,-30.91,-30.05,-28.82,-24.59,-29.91,-30.91,-17.88,-27.91,-23.13,-24.37,-28.91,-23.02,-35.18,-23.29,-30.33,-22.17,-22.9,-28.85,-32.17,-23.91,-30.2,-23.41,-30.45,-37.88,-31.91,-35.98,-21.1,-30.39,-27.06
83,-27.75,-27.83,-19.84,-23.81,-34.91,-22.21,-30.91,-25.03,-31.32,-20.61,-30.37,-25.33,-32.19,-28.91,-20.98,-25.72,-27.51,-22.43,-25.76,-38.17,-22.49,-21.53,-27.67,-34.92,-23.71,-26.44,-18.1,-30.78,-19.8,-42.75,-21.63,-25.65,-35.0,-32.28,-28.66,-35.47,-36.91,-22.71,-40.9,-25.31,-28.91,-30.46,-28.99,-28.91,-29.24,-31.28,-25.29,-25.9,-29.18,-32.16,-30.28,-18.96,-30.18,-31.59,-26.2,-30.75,-26.31,-20.44,-35.13,-34.78,-30.63,-28.81,-30.78,-31.73,-24.91,-34.7,-27.06,-25.38,-30.92,-22.5,-26.05,-30.91,-30.05,-28.82,-24.59,-29.91,-30.91,-17.88,-27.91,-23.13,-24.37,-28.91,-22.02,-35.18,-23.29,-30.33,-22.17,-22.9,-28.85,-31.17,-23.91,-30.2,-23.41,-30.45,-38.89,-31.91,-35.98,-20.09,-29.39,-27.06
84,-27.75,-27.83,-19.14,-24.51,-34.91,-22.21,-30.91,-25.73,-31.32,-20.61,-30.37,-23.93,-31.48,-28.91,-21.68,-25.02,-27.51,-22.43,-25.06,-38.17,-22.49,-21.53,-26.97,-34.92,-24.41,-25.74,-18.8,-30.78,-19.1,-42.75,-22.33,-25.65,-35.0,-32.28,-28.66,-35.47,-36.91,-22.71,-40.9,-25.31,-28.91,-30.46,-28.99,-28.91,-29.24,-31.28,-24.58,-25.9,-29.18,-32.16,-30.28,-18.26,-30.18,-31.59,-26.2,-30.75,-26.31,-20.44,-35.13,-34.78,-30.63,-28.81,-30.07,-31.02,-25.62,-34.7,-27.76,-25.38,-30.92,-23.21,-26.05,-30.91,-29.35,-28.82,-24.59,-29.91,-30.91,-17.88,-27.2,-23.13,-23.66,-28.91,-22.02,-35.18,-23.29,-30.33,-22.17,-22.9,-28.85,-31.87,-23.91,-30.2,-23.41,-30.45,-38.89,-31.91,-35.98,-20.8,-30.09,-27.06
85,-27.75,-27.83,-18.09,-23.47,-34.91,-22.21,-30.91,-25.73,-30.28,-20.61,-30.37,-24.97,-31.48,-28.91,-22.73,-23.98,-28.56,-22.43,-24.01,-38.17,-22.49,-21.53,-28.01,-34.92,-24.41,-25.74,-18.8,-30.78,-18.06,-42.75,-21.29,-25.65,-35.0,-32.28,-28.66,-35.47,-36.91,-22.71,-40.9,-25.31,-28.91,-29.42,-28.99,-28.91,-29.24,-31.28,-24.58,-25.9,-29.18,-32.16,-30.28,-19.3,-30.18,-31.59,-26.2,-30.75,-26.31,-20.44,-35.13,-34.78,-30.63,-28.81,-29.03,-31.02,-26.66,-34.7,-27.76,-25.38,-30.92,-23.21,-26.05,-30.91,-30.39,-28.82,-24.59,-29.91,-30.91,-17.88,-28.25,-23.13,-24.71,-28.91,-22.02,-35.18,-23.29,-30.33,-22.17,-22.9,-28.85,-30.83,-23.91,-30.2,-22.37,-30.45,-38.89,-31.91,-35.98,-20.8,-30.09,-27.06
86,-27.75,-27.83,-19.04,-24.41,-34.91,-22.21,-30.91,-25.73,-31.22,-20.61,-30.37,-24.03,-31.48,-28.91,-22.73,-24.92,-27.61,-22.43,-24.96,-38.17,-22.49,-21.53,-27.07,-34.92,-25.36,-25.74,-18.8,-30.78,-19.0,-42.75,-22.23,-25.65,-35.0,-32.28,-27.71,-35.47,-36.91,-21.77,-40.9,-25.31,-28.91,-29.42,-28.99,-28.91,-29.24,-31.28,-24.58,-25.9,-29.18,-32.16,-30.28,-18.36,-30.18,-31.59,-26.2,-30.75,-26.31,-20.44,-35.13,-34.78,-30.63,-28.81,-29.97,-31.02,-26.66,-34.7,-27.76,-24.44,-30.92,-23.21,-26.05,-30.91,-30.39,-28.82,-24.59,-29.91,-30.91,-17.88,-27.3,-23.13,-23.76,-28.91,-22.96,-35.18,-23.29,-30.33,-21.23,-22.9,-28.85,-31.77,-23.91,-30.2,-22.37,-30.45,-38.89,-31.91,-35.98,-20.8,-30.09,-27.06
87,-27.75,-27.83,-17.94,-24.41,-34.91,-22.21,-30.91,-24.64,-31.22,-20.61,-30.37,-25.12,-31.48,-28.91,-21.63,-23.83,-27.61,-22.43,-26.05,-38.17,-22.49,-21.53,-27.07,-34.92,-24.26,-25.74,-18.8,-30.78,-17.9,-42.75,-21.14,-24.56,-35.0,-32.28,-27.71,-35.47,-36.91,-21.77,-40.9,-25.31,-28.91,-30.52,-28.99,-28.91,-29.24,-31.28,-24.58,-25.9,-29.18,-32.16,-30.28,-19.45,-30.18,-31.59,-26.2,-30.75,-26.31,-19.34,-35.13,-34.78,-30.63,-28.81,-29.97,-32.12,-26.66,-34.7,-27.76,-25.53,-30.92,-23.21,-26.05,-30.91,-30.39,-28.82,-24.59,-29.91,-30.91,-17.88,-28.4,-23.13,-23.76,-28.91,-22.96,-35.18,-23.29,-30.33,-21.23,-22.9,-28.85,-31.77,-23.91,-30.2,-22.37,-30.45,-37.79,-31.91,-35.98,-20.8,-30.09,-27.06
88,-27.75,-27.83,-18.56,-25.03,-34.91,-22.21,-30.91,-25.26,-30.6,-20.61,-30.37,-23.88,-32.11,-28.91,-21.63,-24.45,-28.23,-23.05,-24.81,-38.17,-22.49,-21.53,-27.07,-34.92,-24.26,-25.74,-18.8,-30.78,-18.52,-42.75,-21.14,-24.56,-35.0,-32.28,-27.71,-35.47,-36.91,-21.77,-40.9,-25.31,-28.91,-30.52,-28.99,-28.91,-29.24,-31.28,-24.58,-25.9,-29.18,-32.16,-30.28,-20.07,-30.18,-31.59,-26.2,-30.75,-26.31,-19.96,-35.13,-34.78,-30.63,-28.81,-30.59,-30.88,-26.04,-34.7,-27.76,-25.53,-30.92,-23.21,-26.05,-30.91,-30.39,-28.82,-24.59,-29.91,-30.91,-17.88,-27.78,-23.13,-23.76,-28.91,-22.34,-35.18,-23.29,-30.33,-21.23,-22.9,-28.85,-31.15,-23.91,-30.2,-22.37,-29.83,-37.79,-31.91,-35.98,-20.18,-30.09,-27.06
89,-27.75,-26.99,-18.56,-25.03,-34.91,-22.21,-30.91,-25.26,-30.6,-20.61,-30.37,-24.73,-31.26,-28.91,-22.47,-24.45,-27.39,-23.05,-25.65,-38.17,-22.49,-21.53,-27.07,-34.92,-24.26,-25.74,-18.8,-30.78,-19.37,-42.75,-21.98,-24.56,-35.0,-32.28,-27.71,-34.63,-36.91,-22.61,-40.06,-25.31,-28.91,-30.52,-28.99,-28.91,-29.24,-31.28,-24.58,-25.9,-29.18,-32.16,-30.28,-19.23,-30.18,-31.59,-26.2,-30.75,-26.31,-20.8,-35.13,-34.78,-30.63,-28.81,-29.75,-31.72,-26.04,-34.7,-27.76,-25.53,-30.92,-23.21,-26.05,-30.91,-29.55,-28.82,-24.59,-29.91,-30.91,-17.88,-26.93,-23.13,-23.76,-28.91,-23.19,-35.18,-23.29,-30.33,-21.23,-22.9,-28.85,-32.0,-24.75,-30.2,-22.37,-29.83,-37.79,-31.91,-35.98,-21.02,-30.94,-27.06
90,-27.75,-26.99,-19.3,-24.29,-34.91,-22.21,-30.91,-25.26,-31.34,-20.61,-30.37,-23.98,-32.0,-28.91,-21.73,-24.45,-27.39,-22.31,-24.91,-38.17,-22.49,-21.53,-27.81,-34.92,-25.0,-25.74,-18.8,-30.78,-20.11,-42.75,-21.98,-24.56,-35.0,-32.28,-27.71,-34.63,-36.91,-23.35,-40.06,-25.31,-28.91,-30.52,-28.99,-28.91,-29.24,-31.28,-24.58,-25.9,-29.18,-32.16,-30.28,-19.23,-30.18,-31.59,-26.2,-30.75,-26.31,-20.8,-35.13,-34.78,-30.63,-29.56,-30.49,-30.98,-25.3,-34.7,-27.02,-25.53,-30.92,-23.21,-26.05,-30.91,-29.55,-28.82,-24.59,-29.91,-30.91,-17.88,-27.68,-23.13,-23.76,-28.91,-23.19,-35.18,-23.29,-30.33,-21.97,-22.9,-28.85,-31.25,-24.01,-30.2,-23.11,-30.57,-37.79,-31.91,-35.98,-20.28,-30.19,-27.06
91,-27.75,-26.99,-18.46,-25.14,-34.91,-22.21,-30.91,-25.26,-30.5,-20.61,-30.37,-24.83,-32.0,-28.91,-22.58,-25.29,-28.23,-23.15,-24.91,-38.17,-22.49,-21.53,-26.97,-34.92,-24.16,-25.74,-18.8,-30.78,-19.27,-42.75,-21.14,-24.56,-35.0,-32.28,-27.71,-34.63,-36.91,-23.35,-40.06,-25.31,-28.91,-29.67,-28.99,-28.91,-29.24,-31.28,-24.58,-25.9,-29.18,-32.16,-30.28,-20.07,-30.18,-31.59,-26.2,-30.75,-26.31,-19.96,-35.13,-34.78,-30.63,-29.56,-29.65,-30.98,-26.14,-34.7,-27.02,-24.69,-30.92,-23.21,-26.05,-30.91,-29.55,-28.82,-24.59,-29.91,-30.91,-17.88,-26.83,-23.13,-23.76,-28.91,-22.34,-34.34,-23.29,-30.33,-21.97,-22.9,-28.85,-31.25,-24.01,-30.2,-23.11,-30.57,-37.79,-31.91,-35.98,-21.12,-30.19,-27.06
92,-27.75,-26.99,-18.46,-24.29,-34.91,-22.21,-30.91,-24.41,-30.5,-20.61,-30.37,-23.98,-31.16,-28.91,-21.73,-25.29,-27.39,-23.15,-25.75,-38.17,-22.49,-21.53,-26.97,-34.92,-24.16,-25.74,-18.8,-30.78,-18.42,-42.75,-21.98,-24.56,-35.0,-32.28,-27.71,-34.63,-36.91,-22.51,-40.06,-25.31,-28.91,-30.52,-28.99,-28.91,-29.24,-31.28,-24.58,-25.9,-29.18,-32.16,-30.28,-19.23,-30.18,-31.59,-26.2,-30.75,-26.31,-19.96,-35.13,-34.78,-29.79,-29.56,-30.49,-31.82,-25.3,-34.7,-27.02,-24.69,-30.92,-23.21,-26.05,-30.91,-29.55,-28.82,-24.59,-29.91,-30.91,-17.88,-27.68,-23.13,-22.92,-28.91,-22.34,-35.18,-23.29,-30.33,-21.13,-22.9,-28.85,-32.1,-24.01,-30.2,-23.11,-30.57,-37.79,-31.91,-35.98,-20.28,-30.19,-27.06
93,-27.75,-26.99,-18.46,-23.2,-34.91,-22.21,-30.91,-25.5,-30.5,-20.61,-30.37,-25.07,-31.16,-28.91,-21.73,-24.2,-27.39,-23.15,-24.66,-38.17,-22.49,-21.53,-26.97,-34.92,-24.16,-25.74,-19.9,-30.78,-19.52,-42.75,-21.98,-24.56,-35.0,-32.28,-27.71,-34.63,-36.91,-22.51,-40.06,-25.31,-28.91,-29.42,-28.99,-28.91,-29.24,-30.19,-24.58,-25.9,-29.18,-32.16,-30.28,-19.23,-30.18,-31.59,-26.2,-30.75,-26.31,-19.96,-35.13,-34.78,-29.79,-29.56,-29.4,-30.73,-26.39,-34.7,-27.02,-24.69,-30.92,-23.21,-26.05,-30.91,-29.55,-28.82,-24.59,-29.91,-30.91,-17.88,-27.68,-23.13,-24.01,-28.91,-21.25,-34.09,-23.29,-30.33,-21.13,-22.9,-28.85,-31.01,-24.01,-30.2,-22.02,-30.57,-37.79,-31.91,-35.98,-20.28,-30.19,-27.06
94,-27.75,-26.99,-18.46,-24.17,-34.91,-22.21,-30.91,-24.54,-30.5,-20.61,-30.37,-23.14,-31.16,-28.91,-21.73,-24.2,-28.36,-22.18,-25.63,-38.17,-22.49,-21.53,-26.97,-34.92,-24.16,-25.74,-19.9,-30.78,-18.55,-42.75,-21.98,-24.56,-35.0,-32.28,-27.71,-34.63,-36.91,-22.51,-40.06,-25.31,-28.91,-29.42,-28.99,-28.91,-29.24,-30.19,-24.58,-25.9,-29.18,-32.16,-29.31,-18.26,-30.18,-31.59,-26.2,-30.75,-26.31,-19.96,-35.13,-34.78,-29.79,-29.56,-30.37,-31.7,-25.42,-34.7,-27.02,-24.69,-30.92,-23.21,-26.05,-30.91,-29.55,-28.82,-24.59,-29.91,-30.91,-17.88,-27.68,-23.13,-23.04,-28.91,-21.25,-35.06,-23.29,-30.33,-21.13,-22.9,-28.85,-31.97,-24.01,-30.2,-22.02,-30.57,-37.79,-31.91,-35.98,-19.31,-30.19,-27.06
95,-27.75,-26.99,-18.46,-24.97,-34.91,-22.21,-30.91,-24.54,-30.5,-20.61,-30.37,-23.94,-31.16,-28.91,-21.73,-24.2,-27.56,-22.98,-25.63,-38.17,-22.49,-21.53,-26.17,-34.92,-24.16,-25.74,-19.9,-30.78,-19.35,-42.75,-21.18,-23.76,-35.0,-32.28,-27.71,-34.63,-36.91,-22.51,-40.06,-25.31,-28.91,-30.22,-28.99,-28.91,-29.24,-30.19,-24.58,-25.9,-29.18,-32.16,-29.31,-19.06,-30.18,-31.59,-26.2,-30.75,-26.31,-19.96,-35.13,-34.78,-29.79,-29.56,-29.57,-30.1,-26.22,-34.7,-27.02,-25.49,-30.92,-23.21,-26.05,-30.91,-29.55,-28.82,-24.59,-29.91,-30.91,-17.88,-26.88,-23.13,-23.84,-28.91,-21.25,-34.26,-23.29,-30.33,-21.13,-22.9,-28.85,-31.97,-24.81,-30.2,-22.82,-30.57,-37.79,-31.91,-35.98,-20.11,-30.19,-27.06
96,-27.75,-26.99,-18.46,-24.22,-34.91,-22.21,-30.91,-24.54,-31.25,-20.61,-30.37,-23.94,-31.91,-28.91,-21.73,-24.95,-28.31,-22.98,-24.13,-38.17,-22.49,-21.53,-26.92,-34.92,-24.91,-25.74,-19.15,-30.78,-19.35,-42.75,-21.93,-23.76,-35.0,-32.28,-27.71,-34.63,-36.91,-21.76,-40.06,-25.31,-28.91,-30.22,-28.99,-28.91,-29.24,-30.94,-24.58,-25.9,-29.18,-32.16,-29.31,-19.06,-30.18,-31.59,-26.2,-30.0,-26.31,-19.96,-35.13,-34.78,-30.54,-29.56,-29.57,-30.85,-25.47,-34.7,-27.02,-25.49,-30.92,-23.21,-26.05,-30.91,-29.55,-28.82,-24.59,-29.91,-30.91,-17.88,-27.63,-23.13,-23.84,-28.91,-21.25,-34.26,-23.29,-30.33,-21.13,-22.15,-28.85,-31.22,-24.81,-30.2,-22.82,-29.82,-37.79,-31.91,-35.98,-20.11,-29.44,-27.06
97,-27.75,-26.99,-18.46,-25.17,-34.91,-22.21,-30.91,-24.54,-31.25,-20.61,-30.37,-24.89,-31.91,-28.91,-21.73,-24.95,-27.36,-22.98,-25.08,-38.17,-22.49,-21.53,-25.97,-33.97,-23.96,-25.74,-19.15,-30.78,-18.4,-42.75,-20.98,-23.76,-35.0,-32.28,-27.71,-34.63,-36.91,-21.76,-40.06,-25.31,-28.91,-29.28,-28.99,-28.91,-29.24,-30.94,-23.63,-25.9,-29.18,-32.16,-30.26,-19.06,-30.18,-31.59,-26.2,-30.0,-26.31,-19.96,-35.13,-34.78,-29.59,-29.56,-30.52,-30.85,-26.42,-34.7,-27.02,-24.54,-30.92,-23.21,-26.05,-30.91,-29.55,-28.82,-24.59,-29.91,-30.91,-17.88,-26.68,-23.13,-22.9,-28.91,-21.25,-35.2,-23.29,-30.33,-21.13,-22.15,-28.85,-31.22,-24.81,-30.2,-22.82,-29.82,-37.79,-31.91,-35.98,-20.11,-29.44,-27.06
98,-27.75,-26.99,-18.46,-24.38,-34.91,-22.21,-30.91,-25.32,-30.46,-20.61,-30.37,-24.1,-31.13,-28.91,-20.95,-24.17,-28.14,-22.98,-24.3,-38.17,-22.49,-21.53,-26.75,-33.97,-24.75,-25.74,-19.15,-30.78,-19.18,-42.75,-21.76,-23.76,-35.0,-32.28,-27.71,-34.63,-36.91,-21.76,-40.06,-25.31,-28.91,-29.28,-28.99,-28.91,-29.24,-30.94,-23.63,-25.12,-29.18,-32.16,-30.26,-19.06,-30.18,-31.59,-26.2,-30.0,-26.31,-19.96,-35.13,-34.78,-29.59,-29.56,-29.73,-30.07,-25.63,-34.7,-27.02,-24.54,-30.92,-23.21,-26.05,-30.91,-29.55,-28.82,-24.59,-29.91,-30.91,-17.88,-27.46,-23.13,-23.68,-28.91,-20.47,-35.2,-23.29,-30.33,-21.13,-22.15,-28.85,-30.44,-24.03,-30.2,-22.82,-29.82,-37.79,-31.91,-35.98,-20.11,-30.23,-27.06
99,-27.75,-26.99,-18.46,-25.22,-34.91,-22.21,-30.91,-25.32,-30.46,-20.61,-29.53,-24.94,-31.13,-28.91,-21.79,-25.0,-27.3,-22.98,-25.13,-38.17,-22.49,-21.53,-25.91,-33.97,-23.91,-25.74,-19.15,-30.78,-19.18,-42.75,-21.76,-23.76,-35.0,-32.28,-27.71,-34.63,-36.91,-21.76,-39.22,-25.31,-28.91,-29.28,-28.99,-28.91,-29.24,-30.1,-23.63,-25.12,-29.18,-32.16,-30.26,-18.22,-30.18,-31.59,-26.2,-30.0,-26.31,-19.96,-35.13,-34.78,-29.59,-29.56,-28.9,-30.91,-26.47,-34.7,-27.02,-23.7,-30.92,-23.21,-26.05,-30.91,-29.55,-28.82,-24.59,-29.91,-30.91,-17.88,-26.62,-23.13,-23.68,-28.91,-21.31,-34.36,-23.29,-30.33,-21.13,-22.15,-28.85,-31.28,-24.03,-30.2,-22.82,-29.82,-37.79,-31.91,-35.98,-20.95,-30.23,-27.06
